CSZJJ No.,CSZJJ Chinese title,CSZJJ Fascicle,CSZJJ Group,English title,CSZJJ No. fascicles,CSZJJ Translation attribution,CSZJJ Translation dynastic date,CSZJJ translation date,CZJJ location,Mentions manuscript,Mentions oral transmission,CSZJJ other versions,CSZJJ mentions lost,Sengyou notes,Kaiyuan Lu fascicle,Taisho No.,Taisho title,Taiso fascicles,Taisho attribution,Taisho classification,KDC,KDC date,KDC date source,Nanjio,FGDB entry,Indic language manuscript,Pali parallel,Tibetan parallel,Secondary literature classification,Notes
1,四十二章經,2,New List of Records of Sutras and Treatises 新集經論錄,Sūtra of Forty-Two Sections,1,Kasyapa-Matanga,Reign of Emperor Xiaoming of Han,28–75,Luoyang,,,,,The catalog compiled by Master Dao'an’s omits this scripture,1,T 784,四十二章經,1,Kaśyapa Mataṅga and Gobharana,Miscellaneous ,K 778 ,67,T. 2153-416a:14; T. 2154-478a:6,162,四十二章經,,,,Apocrypha ,
2,安般守意經,2,New List of Records of Sutras and Treatises 新集經論錄,Sūtra on the Mindfulness of Breathing,1,An Shigao,Emperor Huan of Han,146-168,,,,大安般經,,,18,T 602,大安般守意經,2,An Shigao,Miscellaneous ,K 806,148-170,T. 2151-349a:12,681,安般守意經,,,,,
3,陰持入經,2,New List of Records of Sutras and Treatises 新集經論錄,"Sūtra on the Skandha, the Dhātu, and the Ayatana",1,An Shigao,Emperor Huan of Han,146-168,,,,,,,,T 603,陰持入經,2,An Shigao,Miscellaneous ,K 807 ,,,180,陰持入經,,,,,
4,百六十品,2,New List of Records of Sutras and Treatises 新集經論錄,Sūtra in One Hundred and Sixty Parts,1,An Shigao,Emperor Huan of Han,146-168,,,,,,The Old Catalog called this the Ekottara Āgama One Hundred and Sixty Parts,15,,,,,,,,,,,,,,,
5,大十二門經,2,New List of Records of Sutras and Treatises 新集經論錄,Sūtra on the Twelve Great Gates,1,An Shigao,Emperor Huan of Han,146-168,,,,,,,1,,,,,,,,,,,,,,,"Thought to be lost but a manuscript was found at Kongō-ji in Osaka (Nattier 2008, 65)"
6,小十二門經,2,New List of Records of Sutras and Treatises 新集經論錄,Sūtra of the Twelve Lesser Gates,1,An Shigao,Emperor Huan of Han,146-168,,,,,,,15,,,,,,,,,,,,,,,"Thought to be lost but a manuscript was found at Kongō-ji in Osaka (Nattier 2008, 65)"
7,大道地經,2,New List of Records of Sutras and Treatises 新集經論錄,Greater Sūtra on the Grounds of the Way,2,An Shigao,Emperor Huan of Han,146-168,,,,,,"Based on extracts from Yogacārabhūmi Sūtra, which were taken in foreign states",20,T 607,道地經,1,An Shigao,Miscellaneous ,K 986,148-170,T. 2151-349a:12,295,,,,,,An abbridgement of Yoga-cārya-bhūmi-sūtra 修行道地經  (T 606)
8,大道地經,2,New List of Records of Sutras and Treatises 新集經論錄,Greater Sūtra on the Grounds of the Way,2,An Shigao,Emperor Huan of Han,146-168,,,,,,"Based on extracts from Yogacārabhūmi Sūtra, which were taken in foreign states",20,T 607,道地經,1,An Shigao,Miscellaneous ,K 986,148-170,T. 2151-349a:12,295,,,,,,An abbridgement of Yoga-cārya-bhūmi-sūtra 修行道地經  (T 606)
9,道意發行經,2,New List of Records of Sutras and Treatises 新集經論錄,Sūtra on Making the Resolve to Attain Enlightenment,1,An Shigao,Emperor Huan of Han,146-168,,,,,,,15,,,,,,,,,,,,,,,"Appears to be a Mahāyāna Sūtra (Nattier 2008, 55-59)"
10,阿毘曇五法經,2,New List of Records of Sutras and Treatises 新集經論錄,Scripture on the Five Dharmas of the Abhidharma,1,An Shigao,Emperor Huan of Han,146-168,,,,,,The Old Catalog calls this Scripture on the Five Dharmas and Elements of the Abhidharma,20,T 1557,阿毘曇五法行經,1,An Shigao,Abhidharma ,K 1026 ,48-170,T. 2151-349a:12,1346,,,,,,
11,七法經,2,New List of Records of Sutras and Treatises 新集經論錄,Scripture on the Seven Dharmas,1,An Shigao,Emperor Huan of Han,146-168,,,,,,The Old Catalog calls this Scripture on the Seven Dharmas and Elements of the Abhidharma or Seven Dharmas and Elements; this scripture is no longer extant.,1,,,,,,,,,,,,,,,
12,五法經,2,New List of Records of Sutras and Treatises 新集經論錄,Scripture on the Five Dharmas,1,An Shigao,Emperor Huan of Han,146-168,,,,,,,,,,,,,,,,,,,,,,
13,十報經,2,New List of Records of Sutras and Treatises 新集經論錄,Sūtra on the Ten Rewards,2,An Shigao,Emperor Huan of Han,146-168,,,,,,The Old Catalog calls this Dīrghāgama Sūtra on the Ten Rewards,20,T3,長阿含十報法經,2,An Shigao,Āgamas ,K 663,148-170,T. 2154-381c:4,138,十報法經,,D.34 Dasuttarasutta,,,
14,普法義經,2,New List of Records of Sutras and Treatises 新集經論錄,Sūtra on the Universal Meaning of the Dharma,1,An Shigao,Emperor Huan of Han,146-168,,,,,,Also known as Full Practice of the Dharma or Śāriputra Teaches the Universal Meaning of the Dharma,20,T 98,普法義經,1,An Shigao,Āgamas ,K 717,152,T. 2154-479c:11,145,普法義經,,,Don rgyas-pa,,
15,義決律,2,New List of Records of Sutras and Treatises 新集經論錄,Vinaya Decisions,1,An Shigao,Emperor Huan of Han,146-168,,,,,,"Also known as Scripture on Vinaya Decisions, Dao’an says that this and the previous scripture are omitted from the Dīrghāgama",1,,,,,,,,,,,,,,,
16,漏分布經,2,New List of Records of Sutras and Treatises 新集經論錄,Sūtra on the Explanation of Āsrava,1,An Shigao,Emperor Huan of Han,146-168,,,,,,,20,T 57,漏分布經,1,An Shigao,Āgamas ,K 693,148-170,T. 2151-349a:12,142,,,A.VI.63 Nibbedhika,,,
17,四諦經,2,New List of Records of Sutras and Treatises 新集經論錄,Sūtra on the Four Noble Truths,1,An Shigao,Emperor Huan of Han,146-168,,,"The oral explanation on the four noble truths, forty mental states, and ninety eight bonds were apparently composed by An Shigao.",,,Dao’an says that this and the previous sutra are in the Dīrghāgama,1,T 32,四諦經,1,An Shigao,Āgamas ,K 673,,,147,四諦經,,M.141 Saccavibhaṅgasutta,,,
18,七處三觀經,2,New List of Records of Sutras and Treatises 新集經論錄,Sūtra on Seven Places and Three Subjects for Contemplation,2,An Shigao,Emperor Huan of Han,146-168,,,,,,,13,T 150A,七處三觀經,1,An Shigao,Āgamas ,K 738,148-170,T. 2151-349a:12,157,七處三觀經,,A.III.105 Kūṭā,,,
19,九橫經,2,New List of Records of Sutras and Treatises 新集經論錄,Sūtra on the Nine Causes of Untimely Death,1,An Shigao,Emperor Huan of Han,146-168,,,,,,,20,T 150B,九橫經,1,An Shigao,Āgamas ,K 882,148-170,T. 2151-349a:12,177,九橫經,,,,,
20,八正道經,2,New List of Records of Sutras and Treatises 新集經論錄,Sūtra on the Eightfold Noble Path,1,An Shigao,Emperor Huan of Han,146-168,,,,,,Dao’an says that this and the previous two sūtras are from the Saṃyukta Āgama,20,T 112,佛說八正道經,1,An Shigao,Āgamas ,K 742,,,159,八正道經,,S.45.21 Michatta,,,
21,雜經四十四篇,2,New List of Records of Sutras and Treatises 新集經論錄,Forty-four sūtras,2,An Shigao,Emperor Huan of Han,146-168,,,,,,Dao’an says that these come from the Ekottara Āgama but without clear titles and are now omitted,,,,,,,,,,,,,,,,
22,五十校計經,2,New List of Records of Sutras and Treatises 新集經論錄,Sūtra on Fifty Countings,1,An Shigao,Emperor Huan of Han,146-168,,,,,,Also known as Sūtra on Fifty Countings of Clear Measure,,"T 397, number 17",明度五十校計經,,,,,,,105,,,,,,
23,大安般經,2,New List of Records of Sutras and Treatises 新集經論錄,Great Sūtra on the Mindfulness of Breathing,1,An Shigao,Emperor Huan of Han,146-168,,,,安般守意經,,,20,T 602,大安般守意經,2,An Shigao,Miscellaneous ,,,,164,大安般守意經,,,,,
24,思惟經,2,New List of Records of Sutras and Treatises 新集經論錄,Sūtra on Contemplation,1,An Shigao,Emperor Huan of Han,146-168,,,,,,Also known as Essence of Contemplation,20,,,,,,,,,,,,,,,
25,十二因緣經,2,New List of Records of Sutras and Treatises 新集經論錄,Sūtra on the Twelve Nidanas,1,An Shigao,Emperor Huan of Han,146-168,,,,,,,14,,,,,,,,,,,,,,,
26,五陰喻經,2,New List of Records of Sutras and Treatises 新集經論錄,Sūtra on Similes for the Five Aggregates,1,An Shigao,Emperor Huan of Han,146-168,,,,,,The Old Catalog calls thig Sūtra on Similes for the Five Aggregates [written slightly differently],13,T 105,五陰譬喻經,1,An Shigao,Āgamas ,K 743,148-170,T. 2151-349a:12,653,五陰譬喻經,,,,,
27,轉法輪經,2,New List of Records of Sutras and Treatises 新集經論錄,Sūtra on Setting in Motion the Wheel of the Dharma,1,An Shigao,Emperor Huan of Han,146-168,,,,,,Also known as the Sūtra on Turning of the Dharma Wheel,20,T 109,佛說轉法輪經,1,An Shigao,Āgamas ,K 741,148-170,T. 2151-349a:12,158,,,,Chos-kyi-ḥkhor-lo rab-tu bskor-baḥi mdo,,
28,流攝經,2,New List of Records of Sutras and Treatises 新集經論錄,Sūtra on Taints,1,An Shigao,Emperor Huan of Han,146-168,,,,,,The Old Catalog calls this the Sūtra on all the Taints or the Sūtra on Protection against all the Taints,20,T 31,一切流攝守因經,1,An Shigao,Āgamas ,K 672,148-170,T. 2151-349a:19,140,一切流攝守因經,,M.2 Sabbāsavasutta,,,
29,是法非法經,2,New List of Records of Sutras and Treatises 新集經論錄,Sūtra on True Dharmas and False Dharmas,1,An Shigao,Emperor Huan of Han,146-168,,,,,,,20,T 48,是法非法經,1,An Shigao,Āgamas ,K 690,148-170,T. 2151-349a:12,141,,,M.113 Sappurisasutta,,,
30,法受塵經,2,New List of Records of Sutras and Treatises 新集經論錄,Sūtra on Suffering from Defilements,1,An Shigao,Emperor Huan of Han,146-168,,,,,,,20,T 792,佛說法受塵經,1,An Shigao,Miscellaneous ,K 825,148-170,T. 2151-349a-12,,,,,,,
31,十四意經,2,New List of Records of Sutras and Treatises 新集經論錄,Sūtra Fourteen States of Mind,1,An Shigao,Emperor Huan of Han,146-168,,,"The oral explanation on the four noble truths, forty mental states, and ninety eight bonds were apparently composed by An Shigao.",,,"The Old Catalog calls this, Sūtra Fourteen States of Mind of a Bodhisattva, which is now lost",14,,,,,,,,,,,,,,,"Appears to be a Mahāyāna Sūtra (Nattier 2008, 55-59)"
32,本相猗致經,2,New List of Records of Sutras and Treatises 新集經論錄,Sūtra on the Causes of Forms of Existence,1,An Shigao,Emperor Huan of Han,146-168,,,,,,Dao’an says that this is from the Madhyama Āgama,,T 36,本相猗致經,1,An Shigao,,K 674,148-170,T. 2151-349a:19,,,,,,,
33,阿鋡口解,2,New List of Records of Sutras and Treatises 新集經論錄,Discourse of the Explanation,1,An Shigao,Emperor Huan of Han,146-168,,,,,,Also known as Discourse of the Explanation of the Twelve Nidanas or Severing the Cycle of the Twelve Nidanas; the Old Catalog calls this Explanation by Venerable An,20,T 1508,阿含口解十二因緣經,1,An Shigao,Śastra ,K 1023,181,T. 2149-224b:4,1339,阿含口解十二因緣經,,,,,
34,阿毘曇九十八結經,2,New List of Records of Sutras and Treatises 新集經論錄,Abhidharma: Ninety Eight Bonds,1,An Shigao,Emperor Huan of Han,146-168,,,"The oral explanation on the four noble truths, forty mental states, and ninety eight bonds were apparently composed by An Shigao.",,Y,Now lost,1,,,,,,,,,,,,,,,
35,禪行法想經,2,New List of Records of Sutras and Treatises 新集經論錄,Sūtra on the Perception of Dharmas in Meditation Practice,1,An Shigao,Emperor Huan of Han,146-168,,,,,,,20,T 605,禪行法想經,1,An Shigao,Miscellaneous ,K 814,148-170,T. 2151-349a:12,164,禪行法想經,,,,,
36,難提迦羅越經,2,New List of Records of Sutras and Treatises 新集經論錄,Householder Nandi Sūtra,1,An Shigao,Emperor Huan of Han,146-168,,,,,Y,Now lost,15,,,,,,,,,,,,,,,
37,道行經,2,New List of Records of Sutras and Treatises 新集經論錄,Sūtra on the Practice of the Way,1,Zhu Shuofo,Emperor Ling of Han,168-189,,,,,,"Dao’an calls this Passages on Practice of the Way, being based on excerpts from the Prajñāpāramitā literature",2,,,,,,,,,,,,,,,The preface of this sutra is included in Fascicle 7 of the Chu San Zang Ji Ji.
38,般若道行品經,2,New List of Records of Sutras and Treatises 新集經論錄,Sūtra on the Prajñāpāramitā Practice of the Way,10,Lokaṣema,tenth month of the second year of the Guanghe era,181,,Fascicle 13 (55.96a),,明度經,,Also called Greater Sūtra on the Prajñāpāramitā Practice of the Way in eight fascicles translated in the tenth month of the second year of the Guanghe era [181],3,T 224,道行般若經,10,Lokakṣema ,Prajñāpāramitā ,K 6,179,T. 2153-381b:11,4,道行般若經,asta,,Śes-rab-kyi-pha-rol-tu-phyin-pa brgyad-stoṅ-pa,,"It is mentioned in fascicle 13 (55.96a) that Zhu Shuofo brought the manuscript (Nattier 2008, 75)"
39,首楞嚴經,2,New List of Records of Sutras and Treatises 新集經論錄,Śūraṅgama Sūtra,2,Lokaṣema,twelfth month of the second year of the Zhongping era,186,,,,,Y,Now lost,14,,,,,,,,,,,,,,,
40,般舟般三昧經,2,New List of Records of Sutras and Treatises 新集經論錄,Pratyutpanna-Samādhi Sūtra,1,Lokaṣema,"second year, tenth month of the Guanghe era",181,,,,,,The Old Catalog calls this the Great Pratyutpanna-Samādhi Sūtra,14,T 417,般舟三昧經,1,Lokakṣema ,Mahāsaṃnipāta ,K 68,179,T. 2154-478c:21,30,般舟三昧經,,,Da-ltar-gyi saṅs-rgyas mṅon-sum du bshugs-paḥi tiṅ-ṅe-ḥdsin,,Also T 418
41,伅真陀羅經,2,New List of Records of Sutras and Treatises 新集經論錄,Druma-Kiṃnara Sūtra,2,Lokaṣema,Emperor Huan and Emperor Ling of Han,146-189,,,,,,"The Old Catalog calls this Druma-Kiṃnara King Sūtra, Abstracts records and Dao’an’s Catalog are missing this",4,T 624,佛說伅真陀羅所問如來三昧經,3,Lokakṣema ,Miscellaneous ,K 129,168-172,T. 2149-287b:22,,,,,Mi-ḥam-ciḥi rgyal-pa sdoṅ-pos shus-pa,,
42,方等部古品曰遺日說般若經,2,New List of Records of Sutras and Treatises 新集經論錄,Fangdeng Bu Gu Pin Yue Yi Ri Bore Jing,1,Lokaṣema,Emperor Huan and Emperor Ling of Han,146-189,,,,,Y,Now lost,,T 350,遺日摩尼寶經,1,Lokakṣema ,Ratnakūṭa and Nirvāṇa,K 52,179,T. 2149-223c:18,27,佛說遺日摩尼寶經,kasyapaparivarta ,,Ḥod-sruṅ-gi-leḥu,,
43,光明三昧經,2,New List of Records of Sutras and Treatises 新集經論錄,Sūtra on the Samādhi of Radiance,1,Lokaṣema,Emperor Huan and Emperor Ling of Han,146-189,,,,,,Not in Dao’an's Catalog,14,,,,,,,,,,,,,,,
44,阿闍世王經,2,New List of Records of Sutras and Treatises 新集經論錄,King Ajātaśatru Sūtra,2,Lokaṣema,Emperor Huan and Emperor Ling of Han,146-189,,,,,,Dao’an says that this is from the Dīrghāgama; the Old Catalog calls Ajātaśatru Borrows Sūtra,14,T 626,佛說阿闍世王經,2,Lokakṣema ,Miscellaneous ,K 179,147-186,T. 2151-348c:8,54,佛說阿闍世王經,ajatasatru,,Ma-skyes-dgraḥi ḥgyod-pa bsal-ba,,
45,寶積經,2,New List of Records of Sutras and Treatises 新集經論錄,Ratnakūṭa Sūtra,1,Lokaṣema,second year of the Guanghe era,179,,,,,,Dao’an calls this Mani Jewel.  The Old Catalog says that the Mani Jewel has two fascicles.,6,,,,,,,,,,,,,,,
46,問署經,2,New List of Records of Sutras and Treatises 新集經論錄,Questions on the Division,2,Lokaṣema,Emperor Huan and Emperor Ling of Han,146-189,,,,,,"Dao’an says that this was part of the Saṃnipāta Division, also known as the Sūtra of the Division of Bodhisattva asked by Mañjuśrī.",,T 458,文殊師利問菩薩署經,1,Lokakṣema ,Miscellaneous ,K 418,168-186,T. 2151-348c:8,40,,,,,,
47,胡般泥洹經,2,New List of Records of Sutras and Treatises 新集經論錄,Hu Bannihuan Jing,1,Lokaṣema,Emperor Huan and Emperor Ling of Han,146-189,,,,,Y,Now lost,,,,,,,,,,,,,,,,
48,兜沙經,2,New List of Records of Sutras and Treatises 新集經論錄,Tuṣāra Sūtra,1,Lokaṣema,Emperor Huan and Emperor Ling of Han,146-189,,,,,,,1,T 280,佛說兜沙經,1,Lokaṣema,Lotus and Huayan,K 90,186,T. 2151-348c:8,102,兜沙經,,,Saṅs-rgyas-kyi mtshan-śin-tu-bstan-pa,,
49,阿閦佛國經,2,New List of Records of Sutras and Treatises 新集經論錄,Akṣobhya Buddha Sūtra,1,Lokaṣema,Emperor Huan and Emperor Ling of Han,146-189,,,,,,Also known as Akṣobhya Buddha Stupa Sūtra: Chapter on Bodhisattva Cultivation or as Akṣobhya Buddha Sūtra,1,T 313,阿閦佛國經,2,Lokaṣema,,K 27,147-186,T.2151-348c:8; T. 2146-115c:2,28,阿閦佛國經,aksobha,,De-bshin-gśegs-pa mi-ḥkhrugs-paḥi bkod-pa,,
50,孛本經,2,New List of Records of Sutras and Treatises 新集經論錄,Bei Ben Jing,2,Lokaṣema,Emperor Huan and Emperor Ling of Han,146-189,,,,,Y,Now lost,14,,,,,,,,,,,,,,,
51,內藏百品經,2,New List of Records of Sutras and Treatises 新集經論錄,Sūtra on the Hundred Precious Items in the Inner Store,1,Lokaṣema,Emperor Huan and Emperor Ling of Han,146-189,,,,,,Dao’an says that is from the Saṃnipāta Division and the Old Catalog calls it Lokānuvartanasūtra. Some records use the title Scripture on Hundred Precious Items in the Inner Store and Hundred Precious Items not in the Inner Store,12,T 807,佛說內藏百寶經,1,Lokaṣema,Miscellaneous ,K 361,168-186,T.2148-183c:19,95,,,,Ḥjig-rten-gyi rjes-su-ḥthum-par ḥjug-pa,,"Tibetan parallel: Lokänuvartana-sütra and also has parallels in the Mahāvastū (Harrison 1982, 211-213)"
52,成具光明經,2,New List of Records of Sutras and Treatises 新集經論錄,Sūtra on the Attainment of the Radiance,1,Zhi Yao,Emperor Ling of Han,168-189,,,,,,Also known as Sutra on the Attainment of the Radiant Samadhi or Sutra on the Attainment of the Radiant Concentration,1,T 630,佛說成具光明定意經,1,Zhi Yao,Miscellaneous ,K 363,179,T. 2153-398b:9,94,,,,,,
53,法鏡經,2,New List of Records of Sutras and Treatises 新集經論錄,Sūtra of the Dharma Mirror,1,Yan Fotiao and An Xuan,Emperor Ling of Han,168-189,,,,,,Dao’an says that this is from the Vaipulya sutras section,2,T 322,法鏡經,1,An Xuan,Ratnakūṭa and Nirvāṇa Section,K 32,181,T.2151-350a:14,22,,,,Khyim-bdag-drag-śul-can-gyis shus-pa,,
54,十慧一,2,New List of Records of Sutras and Treatises 新集經論錄,Ten Verses on Wisdom,1,Yan Fotiao,Emperor Ling of Han,168-189,,,,,,Also known as the Sramanera Ten Verses on Wisdom,,,,,,,,,,,十慧章句,,,,,"Now lost but the preface is preserved in the Chu San Zang Ji Ji. See FGDB, s.v. 十慧章句."
55,中本起經,2,New List of Records of Sutras and Treatises 新集經論錄,Sutra on the Life of Śākyamuni,2,Kang Meng Xiang,Jianan era of Emperor Xian of Han,189-220,,,,,,,13,T 196,中本起經,2,Tan Guo and Kang Meng Xiang,Jātaka and Avadāna,K 664,207,T. 2153-417:5,556,中本起經,,,,,
56,法句經,2,New List of Records of Sutras and Treatises 新集經論錄,Dharmapada,2,Vighna and Zhi Qian,third year of the Huangwu era,225,Wuchang,,,,,,20,T 210,法句經,2,Vighna ,Jātaka and Avadāna,K 1021,224,T. 2145-6c:12,1365,法句經,dharmapada,,Ched-du brjod-paḥi tshoms,,
57,維摩詰經,2,New List of Records of Sutras and Treatises 新集經論錄,Vimalakirti Sūtra,2,Zhi Qian,from the beginning of the Huangwu era to the middle of the Jianxing era,222-253,,,,維摩詰經,Y,Now lost,2,T 474,佛說維摩詰經,2,Zhi Qian,Miscellaneous ,K 120,223-228,T.2147-156c:25,48,維摩經,vimalakirti,,Dri-ma-med-par-grags-pas bstan-pa,,
58,大般泥洹經,2,New List of Records of Sutras and Treatises 新集經論錄,Mahāparinirvāṇa Sūtra,2,Zhi Qian,from the beginning of the Huangwu era to the middle of the Jianxing era,222-253,,,,方等泥洹經,,"Dao’an says that this is from the Dīrghāgama. However, the version that we have now received in the Dīrghāgama is different",,T 6,般泥洹經,2,Anonymous,Āgamas ,K 654,317-420,T.2154-530a:3,,,,D. 16 Mahāparinibbānasutta,,,
59,瑞應本起經,2,New List of Records of Sutras and Treatises 新集經論錄,Sūtra in Accordance with Good Omens,2,Zhi Qian,from the beginning of the Huangwu era to the middle of the Jianxing era,222-253,,,,,,,20,T 185,太子瑞應本起經,2,Zhi Qian,Jātaka and Avadāna,K 775,223-253,T. 2151-351b:21,665,太子瑞應本起經,,,,,
60,小阿差末經,2,New List of Records of Sutras and Treatises 新集經論錄,Akṣayamati Sūtra,2,Zhi Qian,from the beginning of the Huangwu era to the middle of the Jianxing era,222-253,,,,,Y,Now lost,,,,,,,,,,,,,,,,
61,慧印經,2,New List of Records of Sutras and Treatises 新集經論錄,Wisdom Mudrā Sūtra,2,Zhi Qian,from the beginning of the Huangwu era to the middle of the Jianxing era,222-253,,,,,,Also known as Wisdom Mudrā Samadhi Sūtra or Practice of the Wisdom Mudrā Samadhi Sūtra,20,T 632,佛說慧印三昧經,1,Zhi Qian,Miscellaneous ,K 172,223-253,T. 2151-351b:21,256,佛說慧印三昧經,,,De-bshin-gśegs-paḥi ye-śes-kyi phyag-rgyaḥi tiṅ-ṅe-ḥdsin,,Tathāgatajñānamudrā 
62,本業經,2,New List of Records of Sutras and Treatises 新集經論錄,Stories of Former Karma,1,Zhi Qian,from the beginning of the Huangwu era to the middle of the Jianxing era,222-253,,,,,,Also known as the Sūtra on Stories of the Former Karma of the Bodhisattva,14,T 281,佛說菩薩本業經,1,Zhi Qian,Lotus and Huayan,K 94,222-229,T. 2146-119c:19,100,菩薩本業經,,,To. 44,,
63,法句經,2,New List of Records of Sutras and Treatises 新集經論錄,Dharmapada,2,Zhi Qian,from the beginning of the Huangwu era to the middle of the Jianxing era,222-253,,,,法句經,,,20,,,,,,,,,,,,,,,
64,須賴經,2,New List of Records of Sutras and Treatises 新集經論錄,Sūtra on the Request of Sūrata,1,Zhi Qian,from the beginning of the Huangwu era to the middle of the Jianxing era,222-253,,,,,,,,,,,,,,,,,,,,,,
65,梵摩渝經,2,New List of Records of Sutras and Treatises 新集經論錄,Brahmāyus Sūtra,1,Zhi Qian,from the beginning of the Huangwu era to the middle of the Jianxing era,222-253,,,,,,,,T 76,梵摩渝經,1,Zhi Qian,Āgamas ,K 715,420-479,T. 2157-946a:24,607,梵摩渝經,,A.VIII.11 Verañja,,,
66,私阿末經,2,New List of Records of Sutras and Treatises 新集經論錄,Si A Mo Jing,1,Zhi Qian,from the beginning of the Huangwu era to the middle of the Jianxing era,222-253,,,,,,,,T 532,私呵昧經,1,Zhi Qian,Miscellaneous ,K 358,223-253,T. 2151-351b:21,377,道經經,,,,,
67,微密持經,2,New List of Records of Sutras and Treatises 新集經論錄,Sūtra of the Sublime Grasp,1,Zhi Qian,from the beginning of the Huangwu era to the middle of the Jianxing era,222-253,,,,,,Also known as the Sūtra of the Sublime Grasp of the Immeasurable Portal,3,T 1011,佛說無量門微密持經,1,Zhi Qian,Esoteric ,K 324,223-253,T. 2151-251b:2,355,,ananta,,Sgo mthaḥ-yas-pa sgrub pa,,Anantamukhasādhakadhāraṇī 
68,阿彌陀經,2,New List of Records of Sutras and Treatises 新集經論錄,Amitābha Sūtra,2,Zhi Qian,from the beginning of the Huangwu era to the middle of the Jianxing era,222-253,,,,無量壽經,,In the text it uses the title Amituo Sanyesanfo Sa Lou Tan Guodu Ren Dao Jing,4,T 362,阿彌陀三耶三佛薩樓佛壇過度人道經,2,Zhi Qian,Ratnakūṭa and Nirvāṇa,K 25,223-253,T. 2151-351b:21; T. 2149-289c :26,,阿彌陀經,,,Ḥod-dpag-med-kyi bkod-pa,,
69,月明童子經,2,New List of Records of Sutras and Treatises 新集經論錄,Candraprabha Kumāra Sūtra,1,Zhi Qian,from the beginning of the Huangwu era to the middle of the Jianxing era,222-253,,,,月明童子經,,Also known as The Boy Candraprabha or Candraprabha Bodhisattva Samādhi Sūtra,20,T 169,月明菩薩經,1,Zhi Qian,Jātaka and Avadāna,K 466,223-253,T. 2151-351b:21,118,月明菩薩經,,,,,
70,義足經,2,New List of Records of Sutras and Treatises 新集經論錄,Sūtra on the Fullness of Meaning,2,Zhi Qian,from the beginning of the Huangwu era to the middle of the Jianxing era,222-253,,,,,,,2,T 198,佛說義足經,2,Zhi Qian,Jātaka and Avadāna,K 800,223-253,T.2151-351b:21,674,義足經,arthavargiya,Atthaka Vagga (Sn IV),,,
71,阿難四事經,2,New List of Records of Sutras and Treatises 新集經論錄,Sūtra Spoken by Ānanda on Four Matters,1,Zhi Qian,from the beginning of the Huangwu era to the middle of the Jianxing era,222-253,,,,,,,20,T 493,佛說阿難四事經,1,Zhi Qian,Miscellaneous ,K 817,223-253,T.2151-351b-21,696,佛說阿難四事經,,,,,
72,差摩竭經,2,New List of Records of Sutras and Treatises 新集經論錄,Cha Mo Jie Jing,1,Zhi Qian,from the beginning of the Huangwu era to the middle of the Jianxing era,222-253,,,,,,,,T 533,菩薩生地經,1,Zhi Qian,Miscellaneous ,K 359,223-253,T.2151-351b:21,93,,,,Bde-byed-kyis shus pa,,Kṣemaṅkāraparipṛcchā 
73,優多羅母經,2,New List of Records of Sutras and Treatises 新集經論錄,You Duo Luo Mu Jing,1,Zhi Qian,from the beginning of the Huangwu era to the middle of the Jianxing era,222-253,,,,,Y,Lost,,,,,,,,,,,,,,,,
74,七女經,2,New List of Records of Sutras and Treatises 新集經論錄,Sūtra on Seven Daughters,1,Zhi Qian,from the beginning of the Huangwu era to the middle of the Jianxing era,222-253,,,,,,Dao An says that this is from the Abhidharma,,T 556,佛說七女經,1,Zhi Qian,Miscellaneous ,K 784,223-253,T. 2151-351b:21,709,七女經,,,,,
75,八師經,2,New List of Records of Sutras and Treatises 新集經論錄,Sūtra on Eight Teachers,1,Zhi Qian,from the beginning of the Huangwu era to the middle of the Jianxing era,222-253,,,,,,,20,T 581,佛說八師經,1,Zhi Qian,Miscellaneous ,K 786,223-253,T. 2151-351b:21,169,八師經,,,,,
76,釋摩男經,2,New List of Records of Sutras and Treatises 新集經論錄,Mahānāma Sūtra,1,Zhi Qian,from the beginning of the Huangwu era to the middle of the Jianxing era,222-253,,,,,,Dao An’s Catalog says that this is from the Madhyama Āgama,20,T 54,釋摩男本四子經,1,Zhi Qian,Āgamas ,K 691,223-253,T. 2151-351b:21,144,,,,,,Listed in the Kaiyuan Lu and Nanjio as 釋摩男本經
77,孛抄經,2,New List of Records of Sutras and Treatises 新集經論錄,Bei Chao Scripture,1,Zhi Qian,from the beginning of the Huangwu era to the middle of the Jianxing era,222-253,,,,,,Now known as the Bei Scripture in one fascicle,2,T 790,佛說孛經抄,1,Zhi Qian,Miscellaneous ,K 375,223-253,T. 2151-351b:21,93,佛說孛經抄,,,,,
78,明度經,2,New List of Records of Sutras and Treatises 新集經論錄,Ming Du Jing,4,Zhi Qian,from the beginning of the Huangwu era to the middle of the Jianxing era,222-253,,,,般若道行品經,,Also known as the Da Ming Du Wu Ji Jing,2,T 225 ,大明度經,6,Zhi Qian,Prajñāpāramitā ,K 9,223-253,T. 2151-351b:24,5,大明度無極經,asta,,Śes-rab-kyi-pha-rol-tu-phyin-pa brgyad-stoṅ-pa,,
79,老女人經,2,New List of Records of Sutras and Treatises 新集經論錄,Sūtra Spoken at the Request of an Old Woman,1,Zhi Qian,from the beginning of the Huangwu era to the middle of the Jianxing era,222-253,,,,,,Dao An says that this is from the Abhidharma,5,T 559,佛說老女人經,1,Zhi Qian,Miscellaneous ,K 216,223-253,T.2151-351b:21,64,,,,Bgres-mos shus-pa,,
80,齋經,2,New List of Records of Sutras and Treatises 新集經論錄,Sūtra on Fasting,1,Zhi Qian,from the beginning of the Huangwu era to the middle of the Jianxing era,222-253,,,,,Y,Lost,2,T 87,齋經,1,Zhi Qian,Āgamas ,K 721,223-253,T. 2151-351b:21,,,,,,,
81,四願經,2,New List of Records of Sutras and Treatises 新集經論錄,Sūtra on Four Wishes,1,Zhi Qian,from the beginning of the Huangwu era to the middle of the Jianxing era,222-253,,,,,,,20,T 735,佛說四願經,1,Zhi Qian,Miscellaneous ,K 820,222-229,T.2149-299a:15,167,四願經,,,,,
82,悔過經,2,New List of Records of Sutras and Treatises 新集經論錄,Sūtra on Repentance,1,Zhi Qian,from the beginning of the Huangwu era to the middle of the Jianxing era,222-253,,,,,,Also known as the Preface to the Liturgy on the Ten Directions Repentance Ceremony,2,T 1492,佛說舍利弗悔過經,1,An Shigao,Vinaya ,K 546,148-170,T.2151-349c:15,244,佛說舍利弗悔過經,,,,,
83,賢者德經,2,New List of Records of Sutras and Treatises 新集經論錄,Sūtra on the Virtue of Wise Men,1,Zhi Qian,from the beginning of the Huangwu era to the middle of the Jianxing era,222-253,,,,,,,15,,,,,,,,,,,,,,,
84,佛從上所行三十偈,2,New List of Records of Sutras and Treatises 新集經論錄,Fo Cong Shang Suo Xing Sanshi Ji,1,Zhi Qian,from the beginning of the Huangwu era to the middle of the Jianxing era,222-253,,,,,Y,Lost,,,,,,,,,,,,,,,,
85,了本生死經,2,New List of Records of Sutras and Treatises 新集經論錄,Sūtra on Understanding the Origin of Birth and Death,1,Zhi Qian,from the beginning of the Huangwu era to the middle of the Jianxing era,222-253,,,,,,Dao An says that the Jataka stories in Chu Seng Jing is not this title,2,T 708,了本生死經,1,Zhi Qian,Miscellaneous ,K 268,222-229,T. 2146-118c:16,74,了本生死經,,,Sā-luḥi ljaṅ pa,,Fragments of a seventh century Tibetan manuscript and references in Sanskrit commentaries
86,惟明二十偈,2,New List of Records of Sutras and Treatises 新集經論錄,Wei Ming Shi Er Ji,1,Zhi Qian,from the beginning of the Huangwu era to the middle of the Jianxing era,222-253,,,,,,,,,,,,,,,,,,,,,,
87,首楞嚴經,2,New List of Records of Sutras and Treatises 新集經論錄,Śūraṅgama,2,Zhi Qian,from the beginning of the Huangwu era to the middle of the Jianxing era,222-253,,,,首楞嚴經,Y,The abstracts in Dao An’s Catalog say that they do not contain this title,,,,,,,,,,,,,,,,
88,龍施女經,2,New List of Records of Sutras and Treatises 新集經論錄,Sūtra on the Girl Nagādattā,1,Zhi Qian,from the beginning of the Huangwu era to the middle of the Jianxing era,222-253,,,,龍施本起經,,The abstracts in Dao An’s Catalog do not have this,2,T 557,佛說龍施女經,1,Zhi Qian,Miscellaneous ,K 270,222-229,T. 2146-118c:9,77,龍施女經,,,,,
89,法鏡經,2,New List of Records of Sutras and Treatises 新集經論錄,Sūtra of the Dharma Mirror,2,Zhi Qian,from the beginning of the Huangwu era to the middle of the Jianxing era,222-253,,,,法鏡經,,Dao’an says that this is from the Vaipulya sutras section,,,,,,,,,,,,,,,,
90,鹿子經,2,New List of Records of Sutras and Treatises 新集經論錄,Sūtra of the Deer,1,Zhi Qian,from the beginning of the Huangwu era to the middle of the Jianxing era,222-253,,,,,,The Subject Catalog records this; it is not included in Dao An’s Catalog,17,,,,,,,,,,,,,,,
91,十二門大方等經,2,New List of Records of Sutras and Treatises 新集經論錄,Shi Er Da Fa Deng Jing,1,Zhi Qian,from the beginning of the Huangwu era to the middle of the Jianxing era,222-253,,,,,Y,The Subject Catalog records this; it is not included in Dao An’s Catalog; it is now lost,14,,,,,,,,,,,,,,,
92,賴吒和羅經,2,New List of Records of Sutras and Treatises 新集經論錄,Raṭṭhapāla Sūtra,1,Zhi Qian,from the beginning of the Huangwu era to the middle of the Jianxing era,222-253,,,,,,The Subject Catalog records this; it is not included in Dao An’s Catalog; also called Arhat Raṭṭhapāla Sūtra,20,T 68,賴吒和羅經,1,Zhi Qian,Āgamas ,K 720,223-253,T. 2151-351b:21,146-147,賴吒和羅經,rastra,N. 82 Raṭṭhapālasutta,,,
93,六度集經,2,New List of Records of Sutras and Treatises 新集經論錄,Sūtra of the Collection of the Six Perfections,9,Kang Senghui,"from the time of Emperor Ming of Wei to the time of the ruler of Wu, Sunquan Sunliang era",222-258,,,,,,Also known as Sūtra of the Unsurpassed Six Perfections or Collection on the Unsurpassed Six Perfections or Sūtra of the Miscellaneous Unsurpassed,,T 152,六度集經,8,Kang Senghui,Jātaka and Avadāna,K 206,251,T. 2151-352b:15,47,六度集經,,,,,
94,吳品,2,New List of Records of Sutras and Treatises 新集經論錄,Wu Pin,5,Kang Senghui,"from the time of Emperor Ming of Wei to the time of the ruler of Wu, Sunquan Sunliang era",222-258,,,,,Y,"With a total of ten chapters, now lost",14,,,,,,,,,,,,,,,
95,首楞嚴經,2,New List of Records of Sutras and Treatises 新集經論錄,Śūraṅgama Sūtra,2,Bo Yan,at the time of the Wei Duke of Gaogui,254-260,,,,首楞嚴經,Y,Lost,,,,,,,,,,,,,,,,
96,須賴經,2,New List of Records of Sutras and Treatises 新集經論錄,Sūtra Spoken by Buddha on the Request of Surata,1,Bo Yan,at the time of the Wei Duke of Gaogui,254-260,,,,須賴經,Y,Lost,,,,,,,,,,,,,,,,
97,除災患經,2,New List of Records of Sutras and Treatises 新集經論錄,Chu Zaihuan,1,Bo Yan,at the time of the Wei Duke of Gaogui,254-260,,,,,Y,Lost,,,,,,,,,,,,,,,,
98,放光經,2,New List of Records of Sutras and Treatises 新集經論錄,Fang Guang Jing,20,Zhu Shixing,on the fifteenth day of the fifth month of the first year of Emperor Yuankang of Jin,291,,,,,Y,"The first ninety chapters were translated with, which is given the name Jiu Xiao Pin, now lost",2,T 221,放光般若經,20,Mokṣala ,Prajñāpāramitā ,K 2,291,T. 2149-236a:21; T. 2149-236b:10.,4,放光般若經,,,Śes-rab-kyi-pha-rol-tu-phyin-pa stoṅ-phrag-ñi-śu-lṅa-pa,,Pañcaviṃśatisāhasrikā-prajñāpāramitā Sūtra; the preface of this sutra is included in Fascicle 7 of the Chu San Zang Ji Ji.
99,光讚經,2,New List of Records of Sutras and Treatises 新集經論錄,Guang Zan Jing,10,Dharmarakṣa,the twenty fifth day of the eleventh month of the seventh year of the Taikang era,286,,Y,,,,Seventeen chapters,2,T 222,光讚經,10,Dharmarakṣa,Prajñāpāramitā ,K 4,286,T. 2154-493b:14,4,光讚般若波羅蜜經,,,Śes-rab-kyi-pha-rol-tu-phyin-pa stoṅ-phrag-ñi-śu-lṅa-pa,,Pañcaviṃśatisāhasrikā-prajñāpāramitā Sūtra
100,賢劫經,2,New List of Records of Sutras and Treatises 新集經論錄,Bhadrakalpa Sūtra,7,Dharmarakṣa,"first year, seventh month, twenty-first day of the Yuankang era",291,,Y,,,,Known in the old catalog as Bhadrakalpika Samādhi Sūtra or Xianjie Dingyi Jing,14,T 425,賢劫經,8,Dharmarakṣa ,Miscellaneous ,K 387,291,T. 2145-7b:13,99,賢劫經,bhadrakalpika,,Bskal-ba bzaṅ po,,A record on this sutra is included in Fascicle 7 of the Chu San Zang Ji Ji.
101,正法華經,2,New List of Records of Sutras and Treatises 新集經論錄,Lotus Sūtra,10,Dharmarakṣa,eighth month of the seventh year of the Taikang era,286,,Y,,,,"Twenty seven chapters, in the Old Catalog called Zheng Fa Hua Jing or Fang Deng Zheng Fa Hua Jing",11,T 263,正法華經,10,Dharmarakṣa ,Lotus and Huayan,K 117,286,T. 2l45-7b:14;T. 2153-385b:27,,,lotus_sutra,,,,
102,普耀經,2,New List of Records of Sutras and Treatises 新集經論錄,Lalitavistara,8,Dharmarakṣa,fifth month of the second year of the Yongjia era,308,,Y,,,,"Thirty chapters, Dao An says that this is part of the Saṃnipāta Division",2,T 186,普曜經,8,Dharmarakṣa ,Jātaka and Avadāna,K 112,308,T. 2154-494a:13,51,普曜經,lalitavistara,,Rgya-cher-rol-pa,,A record on this sutra is included in Fascicle 7 of the Chu San Zang Ji Ji.
103,大哀經,2,New List of Records of Sutras and Treatises 新集經論錄,Tathāgatamahākaruṇānirdeśa,7,Dharmarakṣa,seventh day of the seventh month of the first year of the Yuankang era,291,,Y,,,,"Twenty eight chapters, the Old Catalog calls this the Tathāgatamahākaruṇānirdeśa",2,T 398,大哀經,8,Dharmarakṣa ,Mahāsaṃnipāta ,K 72,291,T. 2154-493c:21; T. 2153-383a:28,32,,,,De-bshin-gśegs-paḥi sñiṅ-rje chen-po ṅes-par bstan-pa,,
104,度世品經,2,New List of Records of Sutras and Treatises 新集經論錄,Sūtra on the Chapter of Going Across the World,6,Dharmarakṣa,third day of the the fourth month of the first year of the Yuankang era,291,,Y,,,,Also known as Going Across the World in five fascicles,2,T 292,度世品經,6,Dharmarakṣa ,Lotus and Huayan,K 103,291,T.2145-7b.17.,37,度世,,,Ḥjig-rten-las ḥdas-pa,,
105,密迹經,2,New List of Records of Sutras and Treatises 新集經論錄,Tathāgataguhyasūtra,5,Dharmarakṣa,eighth day of the tenth month of the ninth year of the Taikang era,289,,Y,,,,Also known as Mi Ji Jingang Lishi Jing in seven fascicles,2,"T 310, fascicle 8",密迹金剛力士會,7,Dharmarakṣa ,Ratnakūṭa and Nirvāṇa,,,,,密迹金剛力士會,,,,,
106,持心經,2,New List of Records of Sutras and Treatises 新集經論錄,Brahmaviśeṣacintīparipṛcchā,6,Dharmarakṣa,tenth day of the third month of the seventh year of the Taikang era,287,,Y,,,,"Seventeen chapters, another title being Deng Yu Zhu Fa and a further title being Zhuangyan Fo Fa, the Old Catalog calls this Brahmaviśeṣacintīparipṛcchā",2,T 585,持心梵天所問經,4,Dharmarakṣa ,Miscellaneous ,K 142,286,T. 2145-7b:19.,58,,,,Tshaṅs-pa khyad-par-sems-kyi shus-pa,,
107,修行經,2,New List of Records of Sutras and Treatises 新集經論錄,Yogacārabhūmi,7,Dharmarakṣa,twenty third day of the second month of the fifth year of the Taikang era,284,,Y,,,,"Twenty one chapters, the Old Catalog calls this the Yogacārabhūmi",2,T 606,修行道地經,7,Dharmarakṣa ,Miscellaneous ,K 984,284,T. 2145-7b:21.,295,修行道地經,yogacarabhumi,,,,
108,漸備一切智經,2,New List of Records of Sutras and Treatises 新集經論錄,Daśabhūmikasūtra,10,Dharmarakṣa,twenty-first day of the eleventh month of the seventh year of the Taikang era,287,,Y,,十住經,,Also in five fascicles,2,T 285,漸備一切智德經,5,Dharmarakṣa ,Lotus and Huayan,K 89,297,T.2157-791a:21.,37,十住經,dasabhumika,,,,"The more popular version of the Daśabhūmikasūtra is 十住經, translated y Kumārajīva."
109,生經,2,New List of Records of Sutras and Treatises 新集經論錄,Jātaka Stories,5,Dharmarakṣa,From the Taishi era [266-274] to the second year of the Yongjia era [307-313] of Emperor Huai,266-313,,Y,,五百本生經,,Also in four fascicles,2,T 154 ,生經,5,Dharmarakṣa ,Jātaka and Avadāna,K 799,285,T. 2149-233a:2.,161,生經,jataka,,,,
110,海龍王經,2,New List of Records of Sutras and Treatises 新集經論錄,Sāgaranāgarājaparipṛcchā,4,Dharmarakṣa,tenth day of the seventh month of the sixth year of the Taikang era,285,,Y,,,,Also in three fascicles,2,T 598 ,佛說海龍王經,4,Dharmarakṣa ,Miscellaneous ,K 377,285,T. 2145-7b:24.,109,海龍王經,,,Kluḥi rgyal po rgya-mtshos shus- pa,,
111,普超經,2,New List of Records of Sutras and Treatises 新集經論錄,Ajātaśatrukaukṛtyavinodana,4,Dharmarakṣa,twenty-seventh day of the twelfth month of the seventh year of the Taikang era,287,,Y,,,,"Another name is the Ajātaśatru Chapter, Dao An’s Catalog also calls this Ajātaśatrukaukṛtyavinodana in three fascicles; the Old Catalog calls this Sūtra on the Transcendent Samādhi of Mañjuśrī",2,T 627,文殊支利普超三昧經,3,Dharmarakṣa ,Miscellaneous ,K 175,287,T.2145-7b:25.,56,,ajatasatru,,Ma-skyes-dgraḥi ḥgyod-pa bsal-ba,,
112,維摩鞊經,2,New List of Records of Sutras and Treatises 新集經論錄,Vimalakīrti Sūtra,1,Dharmarakṣa,From the Taishi era [266-274] to the second year of the Yongjia era [307-313] of Emperor Huai,266-313,,Y,,維摩詰經,,Originally called Weimojie Ming Jie,2,T477,佛說大方等頂王經,1,Dharmarakṣa ,Miscellaneous ,K 122,308,T. 2153-386b:9.,47,大方等頂王經,vimalakirti,,,,
113,阿惟越致遮經,2,New List of Records of Sutras and Treatises 新集經論錄,Avaivartikacakrasūtra,4,Dharmarakṣa,fourteenth day of the tenth month of the fifth year of the Taikang era,285,,Y,,,,,2,T 266 ,佛說阿惟越致遮經,3,Dharmarakṣa ,Lotus and Huayan,K 135 ,284,T. 2154-494a:21.,48,,,,Phyir-mi-ldog-paḥi ḥkhor-lo,,
114,嚴淨佛土經,2,New List of Records of Sutras and Treatises 新集經論錄,Sūtra on the Majestic Buddha Land,2,Dharmarakṣa,From the Taishi era [266-274] to the second year of the Yongjia era [307-313] of Emperor Huai,266-313,,Y,,,,The Old Catalog calls this the Sūtra on Mañjuśrī’s Majestic Buddha Land,2,T 318,文殊師利佛土嚴淨經,2,Dharmarakṣa ,Ratnakūṭa and Nirvāṇa,K 31,290,T.2149-289a:4; T. 2151-790c:18.,22,文殊師利佛土嚴淨經,,,Ḥjam-dpal-gyi saṅs-rgyas-kyi shiṅ-gi yon-tan bkod-pa,,Mañjuśrībuddhakṣetraguṇavyūha 
115,阿耨達經,2,New List of Records of Sutras and Treatises 新集經論錄,Anavatapta Sūtra,2,Dharmarakṣa,From the Taishi era [266-274] to the second year of the Yongjia era [307-313] of Emperor Huai,266-313,,Y,,,,"Another title is Anavataptanāgarājaparipṛcchā Sūtra; the Old Catalog calls this the Naga King Anavatapta Sūtra, or Sūtra of the Questions of Anavatapta to the Buddha",2,T 635,佛說弘道廣顯三昧經,4,Dharmarakṣa ,Miscellaneous ,K 407,308,T. 2157-792a:11.,105,,,,Kluḥi rgyal-po ma-dros-pas shus pa,,Anavataptanāgarājaparipṛcchāsūtra 
116,首楞嚴經,2,New List of Records of Sutras and Treatises 新集經論錄,Śūraṅgama Sūtra,2,Dharmarakṣa,From the Taishi era [266-274] to the second year of the Yongjia era [307-313] of Emperor Huai,266-313,,Y,,首楞嚴經,,Also said to be first spoken by Ananda,2,,,,,,,,,,,,,,,
117,無量壽經,2,New List of Records of Sutras and Treatises 新集經論錄,The Infinite Life Sūtra,2,Dharmarakṣa,From the Taishi era [266-274] to the second year of the Yongjia era [307-313] of Emperor Huai,266-313,,Y,,無量壽經,,Also known as Sukhāvatīvyūha Sūtra,2,,,,,,,,,,,sukhavati,,,,
118,寶藏經,2,New List of Records of Sutras and Treatises 新集經論錄,Bao Zang Jing,2,Dharmarakṣa,tenth month of the sixth year of the Taishi era,272,,Y,,,,The Old Catalog calls this the Treasure Store Sūtra of Mañjuśrī or Mañjuśrī Manifests a Treasure Store,2,T 461,佛說文殊師利現寶藏經,2,Dharmarakṣa ,Miscellaneous ,K 149,270,T. 2145-7c:7.,52,大方廣寶篋經,,,Dkon-mchog-gi za-ma-tog,,Ratnakāraṇḍa 
119,寶結經,2,New List of Records of Sutras and Treatises 新集經論錄,Bao Jie Jing,2,Dharmarakṣa,fourteenth day of the seventh month of the first year of the Yongxi era,290,,Y,,,,Also known as Pusa Jing Xing Jing; the Old Catalog calls this Bao Jie Pusa Jing or Bao Jie Pusa Suo Wen Jing,,,,,,,,,,,,,,,,
120,要集經,2,New List of Records of Sutras and Treatises 新集經論錄,Ya Ji Jing,2,Dharmarakṣa,From the Taishi era [266-274] to the second year of the Yongjia era [307-313] of Emperor Huai,266-313,,Y,,,,"Also known as Sūtra on Assembly of the Buddhas, or the Buddhasaṅgīti in Sanskrit",2,T 810,諸佛要集經,2,Dharmarakṣa ,Miscellaneous ,K 384,266-313,T. 2154-496c:20.,98,諸佛要集經,,,Saṅs-rgyas bgro-ba,,Buddhasaṅgītisūtra
121,佛昇忉利天品經,2,New List of Records of Sutras and Treatises 新集經論錄,Sūtra on the Chapter of the Buddha Ascending to the Trayastrimsa Heaven,2,Dharmarakṣa,From the Taishi era [266-274] to the second year of the Yongjia era [307-313] of Emperor Huai,266-313,,Y,,摩訶摩耶經,,,2,,,,,,,,,,,,,,,Mahāmāyāsūtra 
122,等集眾德三昧經,2,New List of Records of Sutras and Treatises 新集經論錄,Sarvapuṇyasamuccayasamādhi Sūtra,3,Dharmarakṣa,From the Taishi era [266-274] to the second year of the Yongjia era [307-313] of Emperor Huai,266-313,,Y,,,,The Old Catalog calls this Deng Ji Zhong De Jing or Deng Ji),2,T 381,等集眾德三昧經,3,Dharmarakṣa ,Ratnakūṭa and Nirvāṇa,K 140        ,265-313,T. 2151-353b-10.,43,,sarvapunya,,Bsod-nams thams-cad bsdus-paḥi tiṅ-ṅe-ḥdsin,,
123,無盡意經,2,New List of Records of Sutras and Treatises 新集經論錄,Akṣayamati Sūtra,4,Dharmarakṣa,From the Taishi era [266-274] to the second year of the Yongjia era [307-313] of Emperor Huai,266-313,,Y,,阿差末菩薩經,,,2,,,,,,,,,,,,,,,
124,離垢施女經,2,New List of Records of Sutras and Treatises 新集經論錄,Vimaladattāparipṛcchā Sūtra,1,Dharmarakṣa,second day of the twelfth month of the tenth year of the Dakang era,289,,Y,,,,,2,T 338,離垢施女經,1,Dharmarakṣa ,Ratnakūṭa and Nirvāṇa,K 41,289,T. 2154-493c:11.,24,,,,Dri-ma-med-kyis-byin-pas shus-pa,,
125,郁迦長者經,2,New List of Records of Sutras and Treatises 新集經論錄,Sūtra on the Elder Ugra,1,Dharmarakṣa,From the Taishi era [266-274] to the second year of the Yongjia era [307-313] of Emperor Huai,266-313,,Y,,,,Also called The Inquiry of Bodhisattva Ugra or the Sūtra on the Elder Ugra in two fascicles,,T 323,郁迦羅越問菩薩行經,1,Dharmarakṣa ,Ratnakūṭa and Nirvāṇa,K 33,265,T. 2151-353a:26f.,22,,,,Khyim-bdag-drag-śul-can-gyis shus-pa,,Ugradattaparipṛcchā
126,大淨法門經,2,New List of Records of Sutras and Treatises 新集經論錄,Da Jing Famen Jing,1,Dharmarakṣa,twenty sixth day of the third month of the first year of the Jianshi era,301,,Y,,,,,2,T 817 ,佛說大淨法門經,1,Dharmarakṣa ,Esoteric ,K 186,314,T. 2149-233c:2.,,,,,Ḥjam-dpal rnom-par rol-pa,,Mañjuśrīvikrīḍitasūtra 
127,須真天子經,2,New List of Records of Sutras and Treatises 新集經論錄,Sūtra on the Questions of the Deva Suvikrāntacintā,2,Dharmarakṣa,eleventh month of the second year of the Taishi era,267,,Y,,,,,2,T 588,佛說須真天子經,4,Dharmarakṣa ,Miscellaneous ,K 372,266-313,T. 2154-496c:20.,,須真天子經,,,Laḥi-bu rab-rtsal-sems-kyis shus pa,,Suvikrānta(cintā)devaputraparipṛcchā; a record on this sutra is included in Fascicle 7 of the Chu San Zang Ji Ji.
128,幻士仁賢經,2,New List of Records of Sutras and Treatises 新集經論錄,Sūtra on the Magician Bhadra,1,Dharmarakṣa,From the Taishi era [266-274] to the second year of the Yongjia era [307-313] of Emperor Huai,266-313,,Y,,,,Also called Sūtra on the Magic of Bhadra,2,T 324 ,佛說幻士仁賢經,1,Dharmarakṣa ,Ratnakūṭa and Nirvāṇa,K 34,313,T. 2151-353a:26f.,23,,,,Sgyu-ma-mkhan bzaṅ-po luṅ-bstan-pa,,Bhadramāyākāraparipṛcchā
129,魔逆經,2,New List of Records of Sutras and Treatises 新集經論錄,Mo Ni Jing,1,Dharmarakṣa,second day of the twelfth month of the tenth year of the Taikang era,289,,Y,,,,,2,T 589 ,佛說魔逆經,1,Dharmarakṣa ,Miscellaneous ,K 463        ,289,T.2154-494c:19,119,魔逆經,,,Ḥjam-dpal rnam-par ḥphrul-baḥi leḥu,,Mañjuśrīvikurvāṇa parivarta; a record on this sutra is included in Fascicle 7 of Chu San Zang Ji Ji.
130,濟諸方等經,2,New List of Records of Sutras and Treatises 新集經論錄,Ji Zhu Fangdeng Jing,1,Dharmarakṣa,From the Taishi era [266-274] to the second year of the Yongjia era [307-313] of Emperor Huai,266-313,,Y,,,,Also called Sarvavaidalyasaṃgraha,2,T 274 ,佛說濟諸方等學經,1,Dharmarakṣa ,Lotus and Huayan,K 147,265-313,T. 2151-353a:26.,69,佛說濟諸方等學經,,,Rnam-par ḥthag-pa thams-cad bsdus-pa,,Sarvavaidalyasaṃgraha 
131,德光太子經,2,New List of Records of Sutras and Treatises 新集經論錄,Sūtra on Prince Punyarasmi,1,Dharmarakṣa,From the Taishi era [266-274] to the second year of the Yongjia era [307-313] of Emperor Huai,271,,Y,,,,Also called the Sūtra on the Questions asked by Rastrapala of Prince Punyarasmi,2,T 170,德光太子經,1,Dharmarakṣa ,Jātaka and Avadāna,K 479,270,T. 2154-494c:20.,119,佛說德光太子經,rastra,,,,
132,文殊師利淨律經,2,New List of Records of Sutras and Treatises 新集經論錄,Mañjuśrī Teaches Rules of Pure Conduct,1,Dharmarakṣa,From the Taishi era [266-274] to the second year of the Yongjia era [307-313] of Emperor Huai,266-313,,Y,,清淨毘尼方廣經 (T 1489),,One manuscript is called the Sūtra on the Rules of Pure Conduct,2,T 460 ,佛說文殊師利淨律經,1,Dharmarakṣa ,Miscellaneous ,K 537,289,T. 2149-233c:14.,239,清淨毘尼方廣經,,,Kun-rdsob daṅ don-dam-paḥi bden-pa bstan-pa,,Paramārthasaṃvṛtisatyanirdeśa; a record of this sutra is included in Fascicle 7 of Chu San Zang Ji Ji.
133,決總持經,2,New List of Records of Sutras and Treatises 新集經論錄,Jue Zong Chi Jing,1,Dharmarakṣa,From the Taishi era [266-274] to the second year of the Yongjia era [307-313] of Emperor Huai,266-313,,Y,,,,,2,T 811 ,佛說決定總持經,1,Dharmarakṣa ,Miscellaneous ,K 238,265-313,T. 2151-353c:5.,67,佛說決定總持經,,,Saṅs-rygas mi spaṅ-pa,,Buddakṣepana 
134,寶女經,2,New List of Records of Sutras and Treatises 新集經論錄,Bao Nu Jing,1,Dharmarakṣa,twenty-seventh day of the fourth month of the eighth year of the Taikang era,287,,Y,,,,The Old Catalog calls this the Bao Nu Sanmei Jing or Bao Nu Wen Hui Jing,2,T 399 ,寶女所問經,4,Dharmarakṣa ,Mahāsaṃnipāta ,K 74,287,T.2154-493c:23.,32,寶女所問經,,,Theg-pa chen-poḥi man-nag,,Mahāyānopadeśa 
135,如來興顯經,2,New List of Records of Sutras and Treatises 新集經論錄,Tathāgatotpattisambhavanirdeśa Sūtra,4,Dharmarakṣa,twenty-fifth day of the twelfth month of the first year of the Yuankang era,291,,Y,,,,One manuscript is called Xing Xian Ru Huan Jing,2,T 291 ,佛說如來興顯經,4,Dharmarakṣa ,Lotus and Huayan,K 99,292,T. 2149-233a:3.,,如來興顯經,,,,,
136,般舟三昧經,2,New List of Records of Sutras and Treatises 新集經論錄,Bhadrapāla Sūtra,2,Dharmarakṣa,From the Taishi era [266-274] to the second year of the Yongjia era [307-313] of Emperor Huai,266-313,,Y,,般舟三昧經,,Dao An's Catalog also calls this the Pratyutpanna-Samādhi Sūtra,2,,,,,,,,,,般舟三昧經,,,,,A record on this sutra is included in Fascicle 7 of Chu San Zang Ji Ji.
137,首意女經,2,New List of Records of Sutras and Treatises 新集經論錄,Śrīmatībrāmaṇīparipṛcchā Sūtra,1,Dharmarakṣa,From the Taishi era [266-274] to the second year of the Yongjia era [307-313] of Emperor Huai,266-313,,Y,,,,Also called Fan Nu Shou Yi Jing,2,T 567,佛說梵志女首意經,1,Dharmarakṣa ,Miscellaneous ,K 356,266-313,2154-496c:20.,87,佛說梵志女首意經,,,Bram-ze-mo dpal-ldan-mas shus pa,,
138,十二因緣經,2,New List of Records of Sutras and Treatises 新集經論錄,Sūtra on the Twelve Nidanas,1,Dharmarakṣa,From the Taishi era [266-274] to the second year of the Yongjia era [307-313] of Emperor Huai,266-313,,Y,,十二因緣經,,,2,,,,,,,,,,,,,,,
139,月明童子經,2,New List of Records of Sutras and Treatises 新集經論錄,Candraprabha Kumāra Sūtra,1,Dharmarakṣa,From the Taishi era [266-274] to the second year of the Yongjia era [307-313] of Emperor Huai,266-313,,Y,,月明童子經,,Also known as Yueguang Tongzi Jing,2,T 534 ,佛說月光童子經,1,Dharmarakṣa ,Miscellaneous ,K 219,265-313,T. 2151-353b:21.,65,,,,,,
140,五十緣身行,2,New List of Records of Sutras and Treatises 新集經論錄,Wushi Yuan Shen Xing Jing,1,Dharmarakṣa,From the Taishi era [266-274] to the second year of the Yongjia era [307-313] of Emperor Huai,266-313,,Y,,,,"The Old Catalog calls this Pusa Yuan Shen Wushi Shi Jing, or the Sūtra on the Characteristic Marks on the Buddha's Person that were the Result of the Fifty Causes of the Practice of a Bodhisattva",19,T 812 ,菩薩行五十緣身經,1,Dharmarakṣa ,Miscellaneous ,K 355,266-313,T.2154-496c:20.,96,菩薩行五十緣身經,,,,,
141,六十二見經,2,New List of Records of Sutras and Treatises 新集經論錄,Sūtra of Sixty Two Views,1,Dharmarakṣa,From the Taishi era [266-274] to the second year of the Yongjia era [307-313] of Emperor Huai,266-313,,Y,,六十二見經,,Also known as the Brahmajāla Sūtra,15,,,,,,,,,,,,,,,
142,四自侵經,2,New List of Records of Sutras and Treatises 新集經論錄,Sūtra on the Four Articles of Self-Injury,1,Dharmarakṣa,From the Taishi era [266-274] to the second year of the Yongjia era [307-313] of Emperor Huai,266-313,,Y,,,,Dao An says that this is from the Abhidharma,2,T 736 ,佛說四自侵經,1,Dharmarakṣa ,Miscellaneous ,K 830,265-313,T.2151-353a-26.,175,四自侵經,,,,,
143,須摩經,2,New List of Records of Sutras and Treatises 新集經論錄,Sumatī Sūtra,1,Dharmarakṣa,From the Taishi era [266-274] to the second year of the Yongjia era [307-313] of Emperor Huai,266-313,,Y,,,,The Old Catalog calls this the Xumoti Jing or Sumatidārikāparipṛcchā Sūtra,19,T 334,須摩提菩薩經,1,Dharmarakṣa ,Ratnakūṭa and Nirvāṇa,K 39,313,T. 2151-353a:26.,23-24,佛說須摩提菩薩經,,,Bu-mo blo-gros-bzaṅ-mos shus-pa,,Sumatidārikāparipṛcchā ; popular version is T 335 by Kumārajīva.
144,隨權女經,2,New List of Records of Sutras and Treatises 新集經論錄,Sui Quan Nu Jing,2,Dharmarakṣa,From the Taishi era [266-274] to the second year of the Yongjia era [307-313] of Emperor Huai,266-313,,Y,,,,This is missing from Dao An’s catalog,2,,,,,,,,,,,,,,,
145,方等泥洹經,2,New List of Records of Sutras and Treatises 新集經論錄,Vaipulya Nirvāṇa Sūtra,2,Dharmarakṣa,twenty-third day of the seventh month of the fifth year of the Taishi era,270,,Y,,大般泥洹經,,Also known as the Mahā Parinirvāṇa Sūtra,,,,,,,,,,,佛說方等般泥洹經,,,,,
146,大善權經,2,New List of Records of Sutras and Treatises 新集經論錄,Sūtra on the Means for Great Good,2,Dharmarakṣa,seventeenth day of the sixth month of the sixth year of the Taikang era,285,,Y,,,,"Also known as Sūtra on the Questions by Jñānottara Bodhisattva on the Means for Great Good, Jñānottara Bodhisattva Sūtra, Sūtra on the Skillful Means for Good, or Sūtra on the Perfection of Skillful Means for Good",4,T 345 ,慧上菩薩問大善權經,2,Dharmarakṣa ,Ratnakūṭa and Nirvāṇa,K 48,285,T. 2145-8a:12.,26,慧上菩薩問大善權經,,,Saṅs-rgyas thams-cad-kyi-gsaṅ chen thabs-la-mkhas-pa byaṅ-chub-sems-dpaḥ ye-śes dam-pas shu paḥi-leḥu,,Upāyakauśalya)jñānottarabodhisattvaparipṛcchā
147,無言童子經,2,New List of Records of Sutras and Treatises 新集經論錄,Sūtra on the Mute Boy,1,Dharmarakṣa,From the Taishi era [266-274] to the second year of the Yongjia era [307-313] of Emperor Huai,266-313,,Y,,,,Also known as Sūtra on the Silent Bodhisattva,2,T 401 ,佛說無言童子經,2,Dharmarakṣa ,Mahāsaṃnipāta ,K 77,265-313,T. 2151-353a:26f.,,無言童子經,,,,,
148,溫室經,2,New List of Records of Sutras and Treatises 新集經論錄,Sūtra on the Bathhouse,1,Dharmarakṣa,From the Taishi era [266-274] to the second year of the Yongjia era [307-313] of Emperor Huai,266-313,,Y,,佛說溫室洗浴眾僧經,,The Old Catalog calls this the Sūtra on the Monk's Bathhouse,2,,,,,,,,,,溫室經,,,,,"The version in the Taisho is 佛說溫室洗浴眾僧經 (T 701), translated by Kumārajīva."
149,頂王經,2,New List of Records of Sutras and Treatises 新集經論錄,Ding Wang Jing,1,Dharmarakṣa,From the Taishi era [266-274] to the second year of the Yongjia era [307-313] of Emperor Huai,266-313,,Y,,維摩詰經,,"Also known as Sūtra on the Questions of Master Vimalakīrti, Dao An says that this is from the Saṃnipāta Division, also known as Dafang Guangdeng Ding Wang Jing",2,T 477 ,佛說大方等頂王經,1,Dharmarakṣa ,Miscellaneous ,K 122,308,T. 2153-386b:9.,47,,,,,,"The popular version is 維摩詰所說經 Vimalakīrtinirdeśasūtra (T 475), translated by Kumārajīva."
150,聖法印經,2,New List of Records of Sutras and Treatises 新集經論錄,Sūtra on the Sacred Seal of the Dharma,1,Dharmarakṣa,From the Taishi era [266-274] to the second year of the Yongjia era [307-313] of Emperor Huai,266-313,,Y,,,,Sanskrit title: ārya-dharma-mudrā; Dao An says that this is from the Saṃyukta Āgama,2,T 103 ,佛說聖法印經,1,Dharmarakṣa ,Āgamas ,K 750,295,T. 2149-234b:24; T. 2154-495a:14.,157,,,,,,The preface of this sutra is included in Fascicle 7 of the Chu San Zang Ji Ji.
151,移山經,2,New List of Records of Sutras and Treatises 新集經論錄,Sūtra on trying to Move a Mountain,1,Dharmarakṣa,From the Taishi era [266-274] to the second year of the Yongjia era [307-313] of Emperor Huai,266-313,,Y,,,,The Old Catalog calls this Sūtra on Strong Men Trying to Move a Mountain,2,T 135 ,佛說力士移山經,1,Dharmarakṣa ,Āgamas ,K 749,,,,移山經,,,,,
152,文殊師利五體悔過經,2,New List of Records of Sutras and Treatises 新集經論錄,Mañjuśrī Five Body Repentance Sūtra,1,Dharmarakṣa,From the Taishi era [266-274] to the second year of the Yongjia era [307-313] of Emperor Huai,266-313,,Y,,悔過經,,The Old Catalog calls this the Mañjuśrī Repentance,,,,,,,,,,,,,,,,
153,持人菩薩經,2,New List of Records of Sutras and Treatises 新集經論錄,Lokadharaparipṛcchā Sūtra,3,Dharmarakṣa,From the Taishi era [266-274] to the second year of the Yongjia era [307-313] of Emperor Huai,266-313,,Y,,持世經,,,2,T 481 ,持人菩薩經,4,Dharmarakṣa ,Miscellaneous ,K 145,265-313,T.2151-353b:9.,,,,,,,"The popular version is 持世經 (T 482), translated by Kumārajīva."
154,滅十方冥經,2,New List of Records of Sutras and Treatises 新集經論錄,Sūtra Spoken by the Buddha on Destroying the Darkness of the Four Quarters,1,Dharmarakṣa,fourteenth day of the eighth month of the first year of the Yuanxi era,304,,Y,,,,,2,T 435 ,佛說滅十方冥經,1,Dharmarakṣa ,Miscellaneous ,K 464,306,T. 2149-234a:23.,119,,,,Phyogs-bcuḥi mun-pa rnam-par-sel-ba,,Daśadigandhakāravidhvaṃsana 
155,無思議孩童經,2,New List of Records of Sutras and Treatises 新集經論錄,Wu Si Yi Haizi Jing,1,Dharmarakṣa,,,,Y,,,,,,,,,,,,,,,,,,,,
156,迦葉集結經,2,New List of Records of Sutras and Treatises 新集經論錄,Jieye Ji Jie Jing,1,Dharmarakṣa,,,,Y,,,,,,,,,,,,,,,,,,,,
157,彌勒成佛經,2,New List of Records of Sutras and Treatises 新集經論錄,Sūtra on Maitreya's Descent,1,Dharmarakṣa,,,,Y,,,,,,,,,,,,,,,,,,,,
158,舍利弗目連遊諸國經,2,New List of Records of Sutras and Treatises 新集經論錄,Sūtra on the Kingdoms Visited by Śāriputra and Moggallāna,1,Dharmarakṣa,,,,Y,,,,,,,,,,,,,,,,,,,,
159,琉璃王經,2,New List of Records of Sutras and Treatises 新集經論錄,Liuli Wang Jing,1,Dharmarakṣa,,,,Y,,,,,,,,,,,,,,,,,,,,
160,奈女耆域經,2,New List of Records of Sutras and Treatises 新集經論錄,Āmrapālī and Giva Sūtra,1,Dharmarakṣa,,,,Y,,,,,,,,,,,,,,,,,,,,
161,寶施女經,2,New List of Records of Sutras and Treatises 新集經論錄,Bao Shi Nu Jing,1,Dharmarakṣa,,,,Y,,,,,,,,,,,,,,,,,,,,
162,寶罔童子經,2,New List of Records of Sutras and Treatises 新集經論錄,Bao Wang Tongzi Jing,1,Dharmarakṣa,,,,Y,,,,,,,,,,,,,,,,,,,,
163,順權方便經,2,New List of Records of Sutras and Treatises 新集經論錄,Sirīvivartavyākaraṇa,2,Dharmarakṣa,,,,Y,,,,,,,,,,,,,,,,,,,,
164,五百弟子本起經,2,New List of Records of Sutras and Treatises 新集經論錄,Story about the Five Hundred Disciples,1,Dharmarakṣa,,,,Y,,,,,,,,,,,,,,,,,,,,
165,佛為菩薩五夢經,2,New List of Records of Sutras and Treatises 新集經論錄,Sūtra on the Five Dreams of the Buddha as a Bodhisattva,1,Dharmarakṣa,,,,Y,,,,,,,,,,,,,,,,,,,,
166,普門經,2,New List of Records of Sutras and Treatises 新集經論錄,Universal Gate Sūtra,1,Dharmarakṣa,,,,Y,,,,,,,,,,,,,,,,,,,,
167,如幻三昧經,2,New List of Records of Sutras and Treatises 新集經論錄,Sūtra on Samādhi Like a Dream,2,Dharmarakṣa,,,,Y,,,,,,,,,,,,,,,,,,,,
168,彌勒本願經,2,New List of Records of Sutras and Treatises 新集經論錄,Sūtra on the Vows of Maitreya,1,Dharmarakṣa,,,,Y,,,,,,,,,,,,,,,,,,,,
169,舍利弗悔過經,2,New List of Records of Sutras and Treatises 新集經論錄,Śāriputra Repentance Sūtra,1,Dharmarakṣa,,,,Y,,,,,,,,,,,,,,,,,,,,
170,胞胎經,2,New List of Records of Sutras and Treatises 新集經論錄,Garbhāvakrāntinirdeśa,1,Dharmarakṣa,,,,Y,,,,,,,,,,,,,,,,,,,,
171,十地經,2,New List of Records of Sutras and Treatises 新集經論錄,Sūtra on the Ten Grounds,1,Dharmarakṣa,,,,Y,,,,,,,,,,,,,,,,,,,,
172,摩目揵連本經,2,New List of Records of Sutras and Treatises 新集經論錄,Sūtra on Mahāmaudgalyāyana,1,Dharmarakṣa,,,,Y,,,,,,,,,,,,,,,,,,,,
173,太子慕魄經,2,New List of Records of Sutras and Treatises 新集經論錄,Prince Mūka Sūtra,1,Dharmarakṣa,,,,Y,,,,,,,,,,,,,,,,,,,,
174,四不可得經,2,New List of Records of Sutras and Treatises 新集經論錄,Sūtra on the Four Unattainable Things,1,Dharmarakṣa,,,,Y,,,,,,,,,,,,,,,,,,,,
175,菩薩悔過經,2,New List of Records of Sutras and Treatises 新集經論錄,Bodhisattva Repentance Sūtra,1,Dharmarakṣa,,,,Y,,,,,,,,,,,,,,,,,,,,
176,當來變經,2,New List of Records of Sutras and Treatises 新集經論錄,Dang Lai Bian Jing,1,Dharmarakṣa,,,,Y,,,,,,,,,,,,,,,,,,,,
177,乳光經,2,New List of Records of Sutras and Treatises 新集經論錄,Ru Guang Jing,1,Dharmarakṣa,,,,Y,,,,,,,,,,,,,,,,,,,,
178,心明女梵志婦飯汁施經,2,New List of Records of Sutras and Treatises 新集經論錄,Xin Ming Nu Fan Zhi Fu Fan Zhi Shi Shi Jing,1,Dharmarakṣa,,,,Y,,,,,,,,,,,,,,,,,,,,
179,大六向拜經,2,New List of Records of Sutras and Treatises 新集經論錄,Da Liu Xiang Bai Jing,1,Dharmarakṣa,,,,Y,,,,,,,,,,,,,,,,,,,,
180,鴦掘摩經,2,New List of Records of Sutras and Treatises 新集經論錄,Aṅgulimālīya Sūtra,1,Dharmarakṣa,,,,Y,,,,,,,,,,,,,,,,,,,,
181,菩薩十住經,2,New List of Records of Sutras and Treatises 新集經論錄,Sūtra on the Ten Abodes of the Bodhisattva,1,Dharmarakṣa,,,,Y,,,,,,,,,,,,,,,,,,,,
182,象出經,2,New List of Records of Sutras and Treatises 新集經論錄,Hastikakṣyā,1,Dharmarakṣa,,,,Y,,,,,,,,,,,,,,,,,,,,
183,照明三昧經,2,New List of Records of Sutras and Treatises 新集經論錄,Zhao Ming Sanmei Jing,1,Dharmarakṣa,,,,Y,,,,,,,,,,,,,,,,,,,,
184,所欲致患經,2,New List of Records of Sutras and Treatises 新集經論錄,Sūtra on the Desires that Lead to Suffering,1,Dharmarakṣa,,,,Y,,,,,,,,,,,,,,,,,,,,
185,法沒盡經,2,New List of Records of Sutras and Treatises 新集經論錄,Fa Mo Jin Jing,1,Dharmarakṣa,,,,Y,,,,,,,,,,,,,,,,,,,,
186,菩薩齋法,2,New List of Records of Sutras and Treatises 新集經論錄,Pusa Zhai Fa,1,Dharmarakṣa,,,,Y,,,,,,,,,,,,,,,,,,,,
187,獨證自誓三昧經,2,New List of Records of Sutras and Treatises 新集經論錄,Sūtra on the Samadi of Upholding One’s Vows,1,Dharmarakṣa,,,,Y,,,,,,,,,,,,,,,,,,,,
188,過去佛分衛經,2,New List of Records of Sutras and Treatises 新集經論錄,Sūtra on the Buddha’s Past Story of Collecting Alms,1,Dharmarakṣa,,,,Y,,,,,,,,,,,,,,,,,,,,
189,五蓋疑結失行經,2,New List of Records of Sutras and Treatises 新集經論錄,Wu Gai Yi Jie Shi Xing Jing,1,Dharmarakṣa,,,,Y,,,,,,,,,,,,,,,,,,,,
190,阿差末經,2,New List of Records of Sutras and Treatises 新集經論錄,Akṣayamati Nirdeśa Sūtra,4,Dharmarakṣa,,,,Y,,,,,,,,,,,,,,,,,,,,
191,無極寶經,2,New List of Records of Sutras and Treatises 新集經論錄,Unbounded Treasure Sūtra,1,Dharmarakṣa,,,,Y,,,,,,,,,,,,,,,,,,,,
192,阿述達經,2,New List of Records of Sutras and Treatises 新集經論錄,Asuddharta Sūtra,1,Dharmarakṣa,,,,Y,,,,,,,,,,,,,,,,,,,,
193,等目菩薩經,2,New List of Records of Sutras and Treatises 新集經論錄,Samacakṣus Bodhisattva Sūtra,2,Dharmarakṣa,,,,Y,,,,,,,,,,,,,,,,,,,,
194,閑居經,2,New List of Records of Sutras and Treatises 新集經論錄,Xianju Jing,1,Dharmarakṣa,,,,Y,,,,,,,,,,,,,,,,,,,,
195,更出小品,2,New List of Records of Sutras and Treatises 新集經論錄,Geng Chu Xiao Pin,7,Dharmarakṣa,,,,Y,,,,,,,,,,,,,,,,,,,,
196,總持經,2,New List of Records of Sutras and Treatises 新集經論錄,Dhāraṇī Sūtra,1,Dharmarakṣa,,,,Y,,,,,,,,,,,,,,,,,,,,
197,超日明經,2,New List of Records of Sutras and Treatises 新集經論錄,Chao Ri Ming Jing,2,Dharmarakṣa,,,,Y,,,,,,,,,,,,,,,,,,,,
198,刪維摩鞊經,2,New List of Records of Sutras and Treatises 新集經論錄,Shan Weimojie Jing,1,Dharmarakṣa,,,,Y,,,,,,,,,,,,,,,,,,,,
199,虎耳意經,2,New List of Records of Sutras and Treatises 新集經論錄,Hu Er Yi Jing,1,Dharmarakṣa,,,,Y,,,,,,,,,,,,,,,,,,,,
200,無憂施經,2,New List of Records of Sutras and Treatises 新集經論錄,Wu You Shi Jing,1,Dharmarakṣa,,,,Y,,,,,,,,,,,,,,,,,,,,
201,五福施經,2,New List of Records of Sutras and Treatises 新集經論錄,Wu Fu Shi Jing,1,Dharmarakṣa,,,,Y,,,,,,,,,,,,,,,,,,,,
202,樓炭經,2,New List of Records of Sutras and Treatises 新集經論錄,Sūtra on the Creation and Destruction of the World,5,Dharmarakṣa,,,,Y,,,,,,,,,,,,,,,,,,,,
203,勇伏定經,2,New List of Records of Sutras and Treatises 新集經論錄,Yong Fu Ding Jing,5,Dharmarakṣa,,,,Y,,,,,,,,,,,,,,,,,,,,
204,嚴淨定經,2,New List of Records of Sutras and Treatises 新集經論錄,Yan Jing Ding Jing,1,Dharmarakṣa,,,,Y,,,,,,,,,,,,,,,,,,,,
205,慧明經,2,New List of Records of Sutras and Treatises 新集經論錄,Hui Ming Jing,1,Dharmarakṣa,,,,Y,,,,,,,,,,,,,,,,,,,,
206,迦葉本經,2,New List of Records of Sutras and Treatises 新集經論錄,Sūtra Addressed to Kāśyapa,1,Dharmarakṣa,,,,Y,,,,,,,,,,,,,,,,,,,,
207,光世音大勢至受決經,2,New List of Records of Sutras and Treatises 新集經論錄,Sūtra on the Prophecy of Avalokiteśvara Bodhisattva,1,Dharmarakṣa,,,,Y,,,,,,,,,,,,,,,,,,,,
208,諸方佛名經,2,New List of Records of Sutras and Treatises 新集經論錄,Sūtra on the Names of the Buddhas of all Directions,1,Dharmarakṣa,,,,Y,,,,,,,,,,,,,,,,,,,,
209,目連上淨居天經,2,New List of Records of Sutras and Treatises 新集經論錄,Sūtra on Maudgalyāyana’s Ascent to a Pure Abode,1,Dharmarakṣa,,,,Y,,,,,,,,,,,,,,,,,,,,
210,普首童經,2,New List of Records of Sutras and Treatises 新集經論錄,Pu Shou Tong Jing,1,Dharmarakṣa,,,,Y,,,,,,,,,,,,,,,,,,,,
211,十方佛名,2,New List of Records of Sutras and Treatises 新集經論錄,Buddhas of the Ten Directions,1,Dharmarakṣa,,,,Y,,,,,,,,,,,,,,,,,,,,
212,三品修行經,2,New List of Records of Sutras and Treatises 新集經論錄,Sūtra on the Three Kinds of Cultivation,1,Dharmarakṣa,,,,Y,,,,,,,,,,,,,,,,,,,,
213,金益長者子經,2,New List of Records of Sutras and Treatises 新集經論錄,Jinyi Zhangzhe Zi,1,Dharmarakṣa,,,,Y,,,,,,,,,,,,,,,,,,,,
214,眾祐經,2,New List of Records of Sutras and Treatises 新集經論錄,Bhagavat Sūtra,1,Dharmarakṣa,,,,Y,,,,,,,,,,,,,,,,,,,,
215,觀行不移四事經,2,New List of Records of Sutras and Treatises 新集經論錄,Guan Xing Bu Yi Si Shi Jing,1,Dharmarakṣa,,,,Y,,,,,,,,,,,,,,,,,,,,
216,小法沒盡經,2,New List of Records of Sutras and Treatises 新集經論錄,Xiao Fa Mei Jin Jing,1,Dharmarakṣa,,,,Y,,,,,,,,,,,,,,,,,,,,
217,四婦喻經,2,New List of Records of Sutras and Treatises 新集經論錄,Sūtra on the Simile of the Four Wifes,1,Dharmarakṣa,,,,Y,,,,,,,,,,,,,,,,,,,,
218,廬夷亘經,2,New List of Records of Sutras and Treatises 新集經論錄,Lu Yi Gen Jing,1,Dharmarakṣa,,,,Y,,,,,,,,,,,,,,,,,,,,
219,諸神呪經,2,New List of Records of Sutras and Treatises 新集經論錄,Sūtra on Spells,1,Dharmarakṣa,,,,Y,,,,,,,,,,,,,,,,,,,,
220,廅羅王經,2,New List of Records of Sutras and Treatises 新集經論錄,Eluo Wang Jing,1,Dharmarakṣa,,,,Y,,,,,,,,,,,,,,,,,,,,
221,龍施經,2,New List of Records of Sutras and Treatises 新集經論錄,Nāgadattā Sūtra,1,Dharmarakṣa,,,,Y,,,,,,,,,,,,,,,,,,,,
222,檀若經,2,New List of Records of Sutras and Treatises 新集經論錄,Tan Ruo Jing,1,Dharmarakṣa,,,,Y,,,,,,,,,,,,,,,,,,,,
223,馬王經,2,New List of Records of Sutras and Treatises 新集經論錄,Ma Wang Jing,1,Dharmarakṣa,,,,Y,,,,,,,,,,,,,,,,,,,,
224,普義經,2,New List of Records of Sutras and Treatises 新集經論錄,Sūtra on the Universal Meaning of the Dharma,1,Dharmarakṣa,,,,Y,,,,,,,,,,,,,,,,,,,,
225,鹿母經,2,New List of Records of Sutras and Treatises 新集經論錄,Sūtra on the Deer Mother,1,Dharmarakṣa,,,,Y,,,,,,,,,,,,,,,,,,,,
226,給孤獨明德經,2,New List of Records of Sutras and Treatises 新集經論錄,Sūtra on Anāthapiṇḍada’s Illustrious Virtue,1,Dharmarakṣa,,,,Y,,,,,,,,,,,,,,,,,,,,
227,龍王兄弟陀達誡王經,2,New List of Records of Sutras and Treatises 新集經論錄,Long Wang Xiong Di Tuo Da Jie Wang Jing,1,Dharmarakṣa,,,,Y,,,,,,,,,,,,,,,,,,,,
228,勸化王經,2,New List of Records of Sutras and Treatises 新集經論錄,Quan Hua Wang Jing,1,Dharmarakṣa,,,,Y,,,,,,,,,,,,,,,,,,,,
229,百佛名,2,New List of Records of Sutras and Treatises 新集經論錄,Names of a Hundred Buddhas,1,Dharmarakṣa,,,,Y,,,,,,,,,,,,,,,,,,,,
230,更出阿闍世王經,2,New List of Records of Sutras and Treatises 新集經論錄,Geng Chu Asheshi Wang Jing,2,Dharmarakṣa,,,,Y,,,,,,,,,,,,,,,,,,,,
231,殖眾德本經,2,New List of Records of Sutras and Treatises 新集經論錄,Zhi Zhong De Ben Jing,1,Dharmarakṣa,,,,Y,,,,,,,,,,,,,,,,,,,,
232,沙門果證經,2,New List of Records of Sutras and Treatises 新集經論錄,Shamen Guo Zheng Jing,1,Dharmarakṣa,,,,Y,,,,,,,,,,,,,,,,,,,,
233,龍施本起經,2,New List of Records of Sutras and Treatises 新集經論錄,Sūtra on the Story of Nāgadattā,1,Dharmarakṣa,,,,Y,,,,,,,,,,,,,,,,,,,,
234,佛悔過經,2,New List of Records of Sutras and Treatises 新集經論錄,Fo Hui Guo Jing,1,Dharmarakṣa,,,,Y,,,,,,,,,,,,,,,,,,,,
235,三轉月明經,2,New List of Records of Sutras and Treatises 新集經論錄,San Zhuan Yue Ming Jing,1,Dharmarakṣa,,,,Y,,,,,,,,,,,,,,,,,,,,
236,解無常經,2,New List of Records of Sutras and Treatises 新集經論錄,Sūtra on Explaining Impermanence,1,Dharmarakṣa,,,,Y,,,,,,,,,,,,,,,,,,,,
237,胎藏經,2,New List of Records of Sutras and Treatises 新集經論錄,Tai Cang Jing,1,Dharmarakṣa,,,,Y,,,,,,,,,,,,,,,,,,,,
238,離垢蓋經,2,New List of Records of Sutras and Treatises 新集經論錄,Li Guo Gai Jing,1,Dharmarakṣa,,,,Y,,,,,,,,,,,,,,,,,,,,
239,小郁迦經,2,New List of Records of Sutras and Treatises 新集經論錄,Xiao Yu Jia Jing,1,Dharmarakṣa,,,,Y,,,,,,,,,,,,,,,,,,,,
240,阿闍貰女經,2,New List of Records of Sutras and Treatises 新集經論錄,Sūtra on Ajātaśatru’s Daughter,1,Dharmarakṣa,,,,Y,,,,,,,,,,,,,,,,,,,,
241,賈客經,2,New List of Records of Sutras and Treatises 新集經論錄,The Merchant Sūtra,1,Dharmarakṣa,,,,Y,,,,,,,,,,,,,,,,,,,,
242,人所從來經,2,New List of Records of Sutras and Treatises 新集經論錄,Ren Suo Conglai Jing,1,Dharmarakṣa,,,,Y,,,,,,,,,,,,,,,,,,,,
243,戒羅云經,2,New List of Records of Sutras and Treatises 新集經論錄,Jie Luoyun Jing,1,Dharmarakṣa,,,,Y,,,,,,,,,,,,,,,,,,,,
244,鴈王經,2,New List of Records of Sutras and Treatises 新集經論錄,Sūtra on the King of the Wild Geese,1,Dharmarakṣa,,,,Y,,,,,,,,,,,,,,,,,,,,
245,十等藏經,2,New List of Records of Sutras and Treatises 新集經論錄,Shi Deng Zang Jing,1,Dharmarakṣa,,,,Y,,,,,,,,,,,,,,,,,,,,
246,鴈王五百鴈俱經,2,New List of Records of Sutras and Treatises 新集經論錄,Sūtra on the King of Five Hundred Wild Geese,1,Dharmarakṣa,,,,Y,,,,,,,,,,,,,,,,,,,,
247,誡具經,2,New List of Records of Sutras and Treatises 新集經論錄,Jie Ju Jing,1,Dharmarakṣa,,,,Y,,,,,,,,,,,,,,,,,,,,
248,決道俗經,2,New List of Records of Sutras and Treatises 新集經論錄,Jue Dao Su Jing,1,Dharmarakṣa,,,,Y,,,,,,,,,,,,,,,,,,,,
249,猛施經,2,New List of Records of Sutras and Treatises 新集經論錄,Meng Shi Jing,1,Dharmarakṣa,,,,Y,,,,,,,,,,,,,,,,,,,,
250,城喻經,2,New List of Records of Sutras and Treatises 新集經論錄,Nagara Sūtra,1,Dharmarakṣa,,,,Y,,,,,,,,,,,,,,,,,,,,
251,耆闍崛山解,2,New List of Records of Sutras and Treatises 新集經論錄,Discourse on Vulture Peak,1,Dharmarakṣa,,,,Y,,,,,,,,,,,,,,,,,,,,
252,比丘尼誡經,2,New List of Records of Sutras and Treatises 新集經論錄,Sūtra on Bhikṣuṇī Precepts,1,Dharmarakṣa,,,,Y,,,,,,,,,,,,,,,,,,,,
253,誡王經,2,New List of Records of Sutras and Treatises 新集經論錄,Jie Wang Jing,1,Dharmarakṣa,,,,Y,,,,,,,,,,,,,,,,,,,,
254,三品悔過經,2,New List of Records of Sutras and Treatises 新集經論錄,Sūtra on Three Kinds of Repentance,1,Dharmarakṣa,,,,Y,,,,,,,,,,,,,,,,,,,,
255,菩薩齋法,2,New List of Records of Sutras and Treatises 新集經論錄,Bodhisattva Fasting Ritual,1,Dharmarakṣa,,,,Y,,維摩詰經,,,,,,,,,,,,,,,,,,
256,,2,New List of Records of Sutras and Treatises 新集經論錄,,,,,,,Y,,,,,,,,,,,,,,,,,,,,
257,,2,New List of Records of Sutras and Treatises 新集經論錄,,,,,,,Y,,,,,,,,,,,,,,,,,,,,
258,,2,New List of Records of Sutras and Treatises 新集經論錄,,,,,,,Y,,,,,,,,,,,,,,,,,,,,
259,,2,New List of Records of Sutras and Treatises 新集經論錄,,,,,,,Y,,,,,,,,,,,,,,,,,,,,
260,,2,New List of Records of Sutras and Treatises 新集經論錄,,,,,,,Y,,,,,,,,,,,,,,,,,,,,
261,,2,New List of Records of Sutras and Treatises 新集經論錄,,,,,,,Y,,,,,,,,,,,,,,,,,,,,
262,,2,New List of Records of Sutras and Treatises 新集經論錄,,,,,,,Y,,,,,,,,,,,,,,,,,,,,
263,,2,New List of Records of Sutras and Treatises 新集經論錄,,,,,,,Y,,,,,,,,,,,,,,,,,,,,
264,,2,New List of Records of Sutras and Treatises 新集經論錄,,,,,,,Y,,,,,,,,,,,,,,,,,,,,
265,,2,New List of Records of Sutras and Treatises 新集經論錄,,,,,,,Y,,,,,,,,,,,,,,,,,,,,
266,,2,New List of Records of Sutras and Treatises 新集經論錄,,,,,,,Y,,,,,,,,,,,,,,,,,,,,
267,,2,New List of Records of Sutras and Treatises 新集經論錄,,,,,,,Y,,,,,,,,,,,,,,,,,,,,
268,,2,New List of Records of Sutras and Treatises 新集經論錄,,,,,,,Y,,,,,,,,,,,,,,,,,,,,
269,,2,New List of Records of Sutras and Treatises 新集經論錄,,,,,,,Y,,,,,,,,,,,,,,,,,,,,
270,,2,New List of Records of Sutras and Treatises 新集經論錄,,,,,,,Y,,,,,,,,,,,,,,,,,,,,
271,,2,New List of Records of Sutras and Treatises 新集經論錄,,,,,,,Y,,,,,,,,,,,,,,,,,,,,
272,,2,New List of Records of Sutras and Treatises 新集經論錄,,,,,,,Y,,,,,,,,,,,,,,,,,,,,
273,,2,New List of Records of Sutras and Treatises 新集經論錄,,,,,,,Y,,,,,,,,,,,,,,,,,,,,
274,,2,New List of Records of Sutras and Treatises 新集經論錄,,,,,,,Y,,,,,,,,,,,,,,,,,,,,
275,,2,New List of Records of Sutras and Treatises 新集經論錄,,,,,,,Y,,,,,,,,,,,,,,,,,,,,
276,,2,New List of Records of Sutras and Treatises 新集經論錄,,,,,,,Y,,,,,,,,,,,,,,,,,,,,