CSZJJ,Taisho No.,length,rushiwowen,wenrushi,wowenrushi,rushiwen,not_in_shanzai,ye2_count,er3_count,ye3_count,ye2_final_count,er3_final_count,ye3_final_count,wei4_count,wei4_grammar_count,bei_count,bei_grammar_count,hezhe_count,hedengren_count,cun_count,tian_count,sixiang_count,di_count,di_sense_count,shigu_count,shigu_sense_count,yiqie_count,yiqie_sense_count,error,notes
四十二章經,T 784,1394,False,False,False,False,0,0,1,0,0,1,0,0,0,0,0,0,0,0,0,0,0,0,0,0,0,0,,
陰持入經,T 603,14812,False,False,False,False,0,0,10,0,0,0,0,2,1,3,0,0,0,0,0,0,0,0,0,0,0,0,,
大道地經,T 607,11523,False,False,False,False,0,3,8,1,1,0,1,0,0,4,0,0,0,0,0,0,0,0,0,0,0,0,,
人本欲生經,T 14,8986,False,True,False,False,2,0,2,0,0,1,0,1,1,0,0,0,0,0,0,0,0,0,0,0,0,0,,
阿毘曇五法經,T 1557,6048,False,False,False,False,0,0,8,0,0,0,0,8,8,0,0,0,0,0,0,0,0,0,0,0,0,0,,
十報經,T 13,15109,False,True,False,False,0,4,4,0,3,0,0,1,1,0,0,0,0,0,0,0,0,0,0,0,0,0,,
普法義經,T 98,4456,False,True,False,False,0,1,2,1,1,0,1,1,1,0,0,0,0,0,0,0,0,0,0,0,0,0,,
漏分布經,T 57,3815,False,True,False,False,0,0,1,0,0,0,0,34,34,0,0,0,0,0,0,0,0,0,0,0,0,0,,
四諦經,T 32,4886,False,True,False,False,0,0,1,1,0,0,0,0,0,0,0,0,0,0,0,0,0,0,0,0,0,0,,
七處三觀經,T 150A,14703,False,True,False,False,0,2,5,1,2,17,2,11,10,0,0,0,0,0,0,0,0,0,0,0,0,0,,
九橫經,T 150B,723,False,False,False,False,0,0,0,0,0,0,0,0,0,0,0,0,0,0,0,0,0,0,0,0,0,0,,
八正道經,T 112,967,False,True,False,False,0,0,0,0,0,0,0,0,0,0,0,0,0,0,0,0,0,0,0,0,0,0,,
五十校計經,T 397 (13),14434,False,False,False,False,2,1,61,1,0,3,17,13,10,0,0,0,0,0,0,0,0,0,0,0,0,0,,
大安般經,T 602,20832,False,False,False,False,1,1,16,289,1,3,270,178,1008,0,0,0,0,0,0,0,2,0,0,0,0,0,,
五陰喻經,T 105,1084,False,True,False,False,0,0,0,0,0,0,0,0,0,0,0,0,0,0,0,0,0,0,0,0,0,0,,
轉法輪經,T 109,982,False,True,False,False,0,0,0,3,0,0,3,10,10,0,0,0,0,0,0,0,0,0,0,0,0,0,,
流攝經,T 31,2419,False,True,False,False,0,0,1,0,0,0,0,0,0,1,0,0,0,0,0,0,0,0,0,0,0,0,,
是法非法經,T 48,1878,False,True,False,False,0,0,0,0,0,0,0,0,0,0,0,0,0,0,0,0,0,0,0,0,0,0,,
法受塵經,T 792,540,False,True,False,False,0,0,2,2,0,0,2,0,0,0,0,0,0,0,0,0,0,0,0,0,0,0,,
本相猗致經,T 36,1215,False,True,False,False,0,0,0,0,0,0,0,18,16,0,0,0,0,0,0,0,0,0,0,0,0,0,,
阿鋡口解,T 1508,4509,False,False,False,False,0,0,8,0,0,4,0,25,20,1,0,0,0,0,0,0,0,0,0,0,0,0,,
禪行法想經,T 605,487,False,True,False,False,0,0,0,2,0,0,2,0,0,0,0,0,0,0,0,0,0,0,0,0,0,0,,
般若道行品經,T 224 (1),11577,False,False,False,False,11,5,11,30,1,8,7,33,27,0,0,0,0,0,0,0,0,0,0,0,0,0,,
般若道行品經,T 224 (2),13821,False,False,False,False,2,32,9,5,2,7,3,2,2,1,0,0,0,0,0,0,0,0,0,0,0,0,,
般若道行品經,T 224 (3),10966,False,False,False,False,8,35,0,0,0,0,0,15,15,5,0,0,0,0,0,0,0,0,0,0,0,0,,
般若道行品經,T 224 (4),9874,False,False,False,False,6,20,3,2,1,1,2,2,2,1,0,0,0,0,0,0,0,0,0,0,0,0,,
般若道行品經,T 224 (5),10848,False,False,False,False,1,43,8,23,5,7,23,24,23,0,0,0,0,0,0,0,0,0,0,0,0,0,,
般若道行品經,T 224 (6),8048,False,False,False,False,2,27,12,25,5,5,20,1,1,3,0,0,0,0,0,0,0,0,0,0,0,0,,
般若道行品經,T 224 (7),9414,False,False,False,False,4,53,5,22,0,4,13,2,2,2,0,0,0,0,0,0,0,0,0,0,0,0,,
般若道行品經,T 224 (8),9457,False,False,False,False,0,14,1,22,7,1,21,2,0,5,0,0,0,0,0,0,0,0,0,0,0,0,,
般若道行品經,T 224 (9),10365,False,False,False,False,10,4,6,1,1,3,1,0,0,0,0,0,0,0,0,0,0,0,0,0,0,0,,
般若道行品經,T 224 (10),7528,False,False,False,False,6,10,7,0,2,5,0,0,0,1,0,0,0,0,0,0,0,0,0,0,0,0,,
般舟般三昧經,T 418 (1),9257,False,False,False,False,0,2,11,1,0,10,1,2,2,0,0,0,0,0,0,0,0,0,0,0,0,0,,
般舟般三昧經,T 418 (2),10307,False,False,False,False,0,10,5,1,0,2,1,0,0,1,0,0,0,0,0,0,0,0,0,0,0,0,,
般舟般三昧經,T 418 (3),8691,False,False,False,False,0,11,2,0,0,2,0,1,1,1,0,0,0,0,0,0,0,0,0,0,0,0,,
方等部古品曰遺日說般若經,T 350,9202,False,False,False,False,0,7,5,77,3,2,75,18,16,6,0,0,0,0,0,0,0,0,0,0,0,0,,
阿闍世王經,T 626 (1),15902,False,True,False,False,2,26,2,0,0,0,0,53,37,3,0,0,0,0,0,0,0,0,0,0,0,0,,
阿闍世王經,T 626 (2),17796,False,False,False,False,3,18,2,1,0,1,1,58,72,1,0,0,0,0,0,0,0,0,0,0,0,0,,
問署經,T 458,12630,False,True,False,False,18,11,1,1,1,0,0,33,11,1,0,0,0,0,0,0,0,0,0,0,0,0,,
兜沙經,T 280,3008,False,False,False,False,0,5,0,2,3,0,2,0,0,1,1,0,0,0,0,0,0,0,0,0,0,0,,
阿閦佛國經,T 313 (1),12491,False,True,False,False,4,2,0,37,1,0,36,10,10,9,5,0,0,0,0,0,0,0,0,0,0,0,,
阿閦佛國經,T 313 (2),11293,False,False,False,False,0,2,12,9,0,6,9,5,3,1,0,0,0,0,0,0,0,0,0,0,0,0,,
內藏百品經,T 807,4953,False,False,False,False,0,0,1,0,0,1,0,0,0,0,0,0,0,0,0,0,0,0,0,0,0,0,,
成具光明經,T 630,14312,False,True,False,False,7,1,3,49,1,3,33,25,16,2,0,0,0,0,0,0,0,0,0,0,0,0,,
法鏡經,T 322,13396,False,True,False,False,47,5,6,86,0,4,77,58,52,4,0,0,0,0,0,0,0,0,0,0,0,0,,
中本起經,T 196 (1),15009,False,True,False,False,6,17,10,18,7,7,17,27,18,6,2,0,0,0,0,0,0,0,0,0,0,0,,
中本起經,T 196 (2),14011,False,False,False,False,8,8,9,26,3,4,26,21,4,5,1,0,0,0,0,0,0,0,0,0,0,0,,
法句經,T 210 (1),11933,False,True,False,False,3,0,0,6,0,0,0,13,2,2,1,0,0,0,0,0,0,0,0,0,0,0,,
法句經,T 210 (2),12379,False,False,False,False,3,0,2,0,0,0,0,50,38,2,2,0,0,0,0,0,0,0,0,0,0,0,,
維摩詰經,T 474 (1),16634,False,True,False,False,29,24,5,52,3,2,22,53,48,1,0,0,0,0,0,0,0,0,0,0,0,0,,
維摩詰經,T 474 (2),17041,False,False,False,False,11,8,9,45,2,4,19,33,24,0,0,0,0,0,0,0,0,0,0,0,0,0,,
大般泥洹經,T 6,27175,False,True,False,False,22,21,12,61,5,4,18,47,65,4,0,0,0,0,0,0,0,0,0,0,0,0,,
瑞應本起經,T 185 (1),9344,False,False,False,False,4,2,5,23,1,4,17,11,6,6,1,0,0,0,0,0,2,0,0,0,0,0,,
瑞應本起經,T 185 (2),8875,False,False,False,False,2,8,14,51,3,12,25,9,6,1,6,0,0,0,0,0,0,0,0,0,0,0,,
慧印經,T 632,13638,False,True,False,False,1,4,3,27,0,4,25,0,0,4,0,0,0,0,0,0,0,0,0,0,0,0,,
本業經,T 281,7676,False,True,False,False,5,1,0,2,0,0,2,15,15,5,0,0,0,0,0,0,0,0,0,0,0,0,,
梵摩渝經,T 76,4976,False,True,False,False,7,2,4,21,2,0,19,12,11,2,0,0,0,0,1,0,0,0,0,0,0,0,,
私阿末經,T 532,7081,False,True,False,False,4,0,3,1,0,0,2,1,0,0,0,0,0,0,0,0,0,0,0,0,0,0,,
微密持經,T 1011,3147,False,True,False,False,2,1,0,4,0,0,4,2,2,1,0,0,0,0,0,0,0,0,0,0,0,0,,
阿彌陀經,T 362 (1),17516,False,False,False,False,2,11,20,73,5,17,74,0,0,4,0,0,0,0,0,0,0,0,0,0,0,0,,
阿彌陀經,T 362 (2),14113,False,False,False,False,2,4,11,6,0,7,6,1,0,6,2,0,0,0,0,0,0,0,0,0,0,0,,
月明童子經,T 169,1691,False,True,False,False,2,0,0,0,0,0,0,0,0,0,0,0,0,0,0,0,0,0,0,0,0,0,,
義足經,T 198 (1),12543,False,True,False,False,4,5,8,8,5,5,8,23,14,15,9,0,0,0,0,0,0,0,0,0,0,0,,
義足經,T 198 (2),12974,False,True,False,False,5,0,3,0,0,3,0,8,7,7,4,0,0,0,0,0,0,0,0,0,0,0,,
阿難四事經,T 493,1983,False,True,False,False,2,1,1,9,1,1,6,4,4,0,0,0,0,0,0,0,0,0,0,0,0,0,,
差摩竭經,T 533,1613,False,True,False,False,1,2,0,3,2,0,3,1,0,0,0,0,0,0,0,0,0,0,0,0,0,0,,
七女經,T 556,3795,False,True,False,False,2,2,3,1,2,2,1,2,2,5,1,0,0,0,0,0,0,0,0,0,0,0,,
八師經,T 581,2340,False,True,False,False,1,1,2,1,0,0,1,7,7,1,1,0,0,0,0,0,0,0,0,0,0,0,,
釋摩男經,T 54,2227,False,True,False,False,0,4,5,0,4,3,0,0,0,2,1,0,0,0,0,0,0,0,0,0,0,0,,
孛抄經,T 790,12247,False,True,False,False,2,7,15,46,5,12,46,13,3,4,1,0,0,0,0,0,0,0,0,0,0,0,,
明度經,T 225 (1),9639,False,True,False,False,12,12,8,174,3,7,33,37,18,1,1,0,0,0,0,0,0,0,0,0,0,0,,
明度經,T 225 (2),10373,False,False,False,False,8,4,5,22,2,4,6,6,6,1,0,0,0,0,0,0,0,0,0,0,0,0,,
明度經,T 225 (3),10488,False,False,False,False,6,2,6,43,1,6,23,2,2,4,4,0,0,0,0,0,0,0,0,0,0,0,,
明度經,T 225 (4),12305,False,False,False,False,5,5,17,30,4,7,7,7,4,2,0,0,0,0,0,0,0,0,0,0,0,0,,
明度經,T 225 (5),10976,False,False,False,False,4,7,8,21,6,11,21,3,2,3,0,0,0,0,0,0,0,0,0,0,0,0,,
明度經,T 225 (6),8893,False,False,False,False,16,3,6,6,2,3,5,1,1,2,0,0,0,0,0,0,0,0,0,0,0,0,,
老女人經,T 559,1309,False,True,False,False,2,0,2,1,0,0,1,0,0,1,0,0,0,0,0,0,0,0,0,0,0,0,,
齋經,T 87,2073,False,True,False,False,0,6,2,0,0,2,0,3,3,0,0,0,0,0,0,0,0,0,0,0,0,0,,
四願經,T 735,2711,False,True,False,False,0,0,4,3,0,0,1,3,3,1,0,0,0,0,0,0,0,0,0,0,0,0,,
悔過經,T 1492,2535,False,False,False,False,0,0,0,0,0,0,0,0,0,1,1,0,0,0,0,0,0,0,0,0,0,0,,
了本生死經,T 708,2737,False,False,False,False,0,0,1,2,0,0,2,29,28,0,0,0,0,0,0,0,0,0,0,0,0,0,,
龍施女經,T 557,1350,False,True,False,False,0,1,2,0,0,2,0,1,1,1,0,0,0,0,0,0,0,0,0,0,0,0,,
賴吒和羅經,T 68,6085,False,True,False,False,0,5,13,27,4,8,22,2,1,15,3,0,0,0,0,0,0,0,0,0,0,0,,
六度集經,T 152 (1),9175,False,True,False,False,7,0,9,41,0,6,37,12,2,5,0,0,0,0,0,0,0,0,0,0,0,0,,
六度集經,T 152 (2),8761,False,False,False,False,7,6,10,26,2,3,24,8,1,3,0,0,0,0,0,0,0,0,0,0,0,0,,
六度集經,T 152 (3),9680,False,True,False,False,21,0,2,50,0,1,25,8,8,1,0,0,0,0,0,0,0,0,0,0,0,0,,
六度集經,T 152 (4),12995,False,True,False,False,11,7,9,66,6,7,31,11,7,1,0,0,0,0,0,0,0,0,0,0,0,0,,
六度集經,T 152 (5),13574,False,False,False,False,11,3,9,65,3,5,64,10,11,4,1,0,0,0,0,0,0,0,0,0,0,0,,
六度集經,T 152 (6),12057,False,True,False,False,6,4,10,57,1,8,57,9,3,0,0,0,0,0,0,0,0,0,0,0,0,0,,
六度集經,T 152 (7),8807,False,False,False,False,4,0,9,25,0,2,24,10,9,3,1,0,0,0,0,0,0,0,0,0,0,0,,
六度集經,T 152 (8),13435,False,True,False,False,7,2,12,39,2,7,10,16,9,6,4,0,0,0,0,0,0,0,0,0,0,0,,
放光經,T 221 (1),11470,False,True,False,False,0,13,11,3,2,7,2,3,2,0,0,0,0,0,0,0,0,0,0,0,0,0,,
放光經,T 221 (2),15630,False,False,False,False,6,27,14,14,19,4,13,19,25,1,0,0,0,0,0,0,0,0,0,0,0,0,,
放光經,T 221 (3),13396,False,False,False,False,2,24,16,4,7,1,1,10,10,9,5,0,0,0,0,0,0,0,0,0,0,0,,
放光經,T 221 (4),15052,False,False,False,False,0,3,5,18,0,0,17,60,29,1,0,0,0,0,0,0,0,0,0,0,0,0,,
放光經,T 221 (5),13782,False,False,False,False,8,12,22,10,9,9,2,8,3,1,0,0,0,0,0,0,0,0,0,0,0,0,,
放光經,T 221 (6),14081,False,False,False,False,6,22,6,14,8,3,11,2,1,0,0,0,0,0,0,0,0,0,0,0,0,0,,
放光經,T 221 (7),15365,False,False,False,False,2,23,12,4,2,6,4,6,7,0,0,0,0,0,0,0,0,0,0,0,0,0,,
放光經,T 221 (8),12222,False,False,False,False,7,73,0,4,1,0,3,4,4,2,0,0,0,0,0,0,0,0,0,0,0,0,,
放光經,T 221 (9),14591,False,False,False,False,2,34,3,4,12,0,4,1,0,0,0,0,0,0,0,0,0,0,0,0,0,0,,
放光經,T 221 (10),13521,False,False,False,False,4,36,3,3,3,1,3,0,0,1,0,0,0,1,0,0,0,0,0,0,0,0,,
放光經,T 221 (11),12833,False,False,False,False,4,29,1,5,1,1,5,2,1,4,0,0,0,0,0,0,0,0,0,0,0,0,,
放光經,T 221 (12),11804,False,False,False,False,7,71,3,4,2,3,3,1,1,3,0,0,0,0,0,0,0,0,0,0,0,0,,
放光經,T 221 (13),13861,False,False,False,False,3,55,6,20,5,3,16,1,1,3,1,0,0,1,0,0,0,0,0,0,0,0,,
放光經,T 221 (14),13861,False,False,False,False,3,55,6,20,7,6,17,1,1,3,1,0,0,1,0,0,0,0,0,0,0,0,,
放光經,T 221 (15),13758,False,False,False,False,3,53,3,4,2,2,4,0,0,0,0,0,0,0,0,0,0,0,0,0,0,0,,
放光經,T 221 (16),17403,False,False,False,False,0,62,11,31,21,13,6,3,3,0,0,0,0,0,0,0,0,0,0,0,0,0,,
放光經,T 221 (17),15779,False,False,False,False,0,64,4,6,25,1,6,1,1,0,0,0,0,0,0,0,0,0,0,0,0,0,,
放光經,T 221 (18),14336,False,False,False,False,1,42,3,13,9,2,9,6,4,2,0,0,0,0,0,0,0,0,0,0,0,0,,
放光經,T 221 (19),13625,False,False,False,False,0,58,8,27,24,3,28,6,6,1,3,0,0,0,0,0,0,0,0,0,0,0,,
放光經,T 221 (20),13636,False,False,False,False,16,51,5,3,6,4,3,8,3,1,1,0,0,0,0,0,0,0,0,0,0,0,,
光讚經,T 222 (1),16418,False,True,False,False,4,42,17,15,2,6,8,12,11,0,0,0,0,0,0,0,0,0,0,0,0,0,,
光讚經,T 222 (2),17473,False,False,False,False,4,19,28,43,6,12,12,23,14,0,0,0,0,0,0,0,0,0,0,0,0,0,,
光讚經,T 222 (3),10743,False,False,False,False,2,5,26,17,1,2,16,62,61,0,0,0,0,0,0,0,0,0,0,0,0,0,,
光讚經,T 222 (4),12843,False,False,False,False,2,28,19,22,10,0,20,32,22,1,0,0,0,0,0,0,0,0,0,0,0,0,,
光讚經,T 222 (5),12410,False,False,False,False,0,14,15,59,1,8,36,66,58,13,10,0,0,0,0,0,0,0,0,0,0,0,,
光讚經,T 222 (6),14604,False,False,False,False,0,5,20,49,0,8,18,290,270,8,6,0,0,0,0,0,0,0,0,0,0,0,,
光讚經,T 222 (7),10498,False,False,False,False,0,1,2,21,0,0,20,193,201,1,0,0,0,0,0,0,0,0,0,0,0,0,,
光讚經,T 222 (8),9247,False,False,False,False,2,13,10,2,0,3,2,3,2,0,0,0,0,0,0,0,0,0,0,0,0,0,,
光讚經,T 222 (9),11234,False,False,False,False,6,11,28,6,3,17,8,24,21,0,0,0,0,0,0,0,0,0,0,0,0,0,,
光讚經,T 222 (10),11388,False,False,False,False,2,14,9,18,2,1,11,36,34,0,0,0,0,0,0,0,0,0,0,0,0,0,,
賢劫經,T 425 (1),16681,False,True,False,False,4,5,1,9,0,1,9,15,11,4,1,0,0,0,0,0,0,0,0,0,0,0,,
賢劫經,T 425 (2),13500,False,False,False,False,4,0,3,1,0,1,2,72,70,1,1,0,0,0,0,0,0,0,0,0,0,0,,
賢劫經,T 425 (2),15269,False,False,False,False,0,0,4,2,0,0,2,97,94,0,0,0,0,0,0,0,0,0,0,0,0,0,,
賢劫經,T 425 (4),11552,False,False,False,False,0,1,1,0,0,0,0,70,70,0,0,0,0,0,0,0,0,0,0,0,0,0,,
賢劫經,T 425 (5),13381,False,False,False,False,0,1,8,1,0,0,1,86,85,2,0,0,0,0,0,0,0,0,0,0,0,0,,
賢劫經,T 425 (6),12031,False,False,False,False,1,1,1,3,1,0,1,25,25,0,0,0,0,0,0,0,0,0,0,0,0,0,,
賢劫經,T 425 (7),13997,False,False,False,False,1,1,1,1,0,1,1,0,0,1,0,0,0,0,0,0,0,0,0,0,0,0,,
賢劫經,T 425 (8),12224,False,True,False,False,5,0,0,6,0,0,6,3,1,1,0,0,0,0,0,0,0,0,0,0,0,0,,
正法華經,T 263 (1),17486,False,True,False,False,3,0,2,4,0,2,3,5,3,4,2,0,0,0,0,0,0,0,0,0,0,0,,
正法華經,T 263 (2),11497,False,True,False,False,3,2,2,9,1,0,9,10,9,7,3,0,0,0,0,0,0,0,0,0,0,0,,
正法華經,T 263 (3),14139,False,True,False,False,1,0,3,7,0,2,6,23,16,2,0,0,0,1,0,0,0,0,0,0,0,0,,
正法華經,T 263 (4),10228,False,False,False,False,3,0,2,7,0,2,8,12,12,0,0,0,0,0,0,0,0,0,0,0,0,0,,
正法華經,T 263 (5),7976,False,False,False,False,2,1,1,6,1,0,6,17,17,1,1,0,0,0,0,0,0,0,0,0,0,0,,
正法華經,T 263 (6),13595,False,False,False,False,9,2,4,8,1,2,8,15,10,7,1,0,0,1,0,0,0,0,0,0,0,0,,
正法華經,T 263 (7),13319,False,False,False,False,5,2,2,8,2,2,5,16,14,7,4,0,0,0,0,0,0,0,0,0,0,0,,
正法華經,T 263 (8),11724,False,False,False,False,0,1,13,2,0,0,2,1,1,1,0,0,0,0,0,0,0,0,0,0,0,0,,
正法華經,T 263 (9),10823,False,True,False,False,14,2,3,4,2,0,3,3,3,12,4,0,0,0,0,0,0,0,0,0,0,0,,
正法華經,T 263 (10),10005,False,True,False,False,12,1,4,3,1,2,4,6,6,2,0,0,0,0,0,0,0,0,0,0,0,0,,
普耀經,T 186 (1),9610,False,True,False,False,3,1,1,1,0,1,0,4,2,3,0,0,0,0,0,0,0,0,0,0,0,0,,
普耀經,T 186 (2),12390,False,False,False,False,1,0,6,1,0,4,0,2,2,7,2,0,0,0,0,0,0,0,0,0,0,0,,
大哀經,T 398 (1),8635,False,True,False,False,1,0,1,0,0,1,0,0,0,0,0,0,0,0,0,0,0,0,0,0,0,0,,
大哀經,T 398 (2),11289,False,False,False,False,4,0,3,2,0,43,2,49,47,3,3,0,0,0,0,0,0,0,0,0,0,0,,
大哀經,T 398 (3),11089,False,False,False,False,1,0,12,13,0,3,13,42,27,3,3,0,0,0,0,0,0,0,0,0,0,0,,
大哀經,T 398 (4),7044,False,False,False,False,0,0,8,3,0,0,3,5,5,2,1,0,0,0,0,0,0,0,0,0,0,0,,
大哀經,T 398 (5),7951,False,False,False,False,0,0,1,4,0,1,1,18,14,2,0,0,0,0,0,0,0,0,0,0,0,0,,
大哀經,T 398 (6),8916,False,False,False,False,1,0,4,6,0,1,6,11,11,1,0,0,0,0,0,0,0,0,0,0,0,0,,
大哀經,T 398 (7),7952,False,False,False,False,0,0,3,19,0,0,17,27,27,3,2,0,0,0,0,0,0,0,0,0,0,0,,
大哀經,T 398 (8),9984,False,True,False,False,2,1,1,4,1,0,3,6,6,1,0,0,0,0,0,0,0,0,0,0,0,0,,
度世品經,T 292 (1),10628,False,True,False,False,5,0,2,0,0,1,0,80,119,0,0,0,0,0,0,0,0,0,0,0,0,0,,
度世品經,T 292 (2),12878,False,False,False,False,1,1,5,12,1,2,6,60,60,3,0,0,0,0,0,0,0,0,0,0,0,0,,
度世品經,T 292 (3),11408,False,False,False,False,2,0,1,7,0,0,7,60,67,5,1,0,0,0,0,0,0,0,0,0,0,0,,
度世品經,T 292 (4),11789,False,False,False,False,2,0,5,14,0,0,12,106,106,2,0,0,0,0,0,0,0,0,0,0,0,0,,
度世品經,T 292 (5),12817,False,False,False,False,2,0,0,8,0,0,8,90,86,1,1,0,0,0,0,0,0,0,0,0,0,0,,
度世品經,T 292 (6),14072,False,False,False,False,4,0,3,2,0,3,2,31,28,1,0,0,0,0,0,0,0,0,0,0,0,0,,
密迹經,T 310 (3),8539,False,True,False,False,1,0,3,10,0,0,10,9,6,3,1,0,0,1,0,0,0,0,0,0,0,0,,
持心經,T 585 (1),17236,False,True,False,False,7,3,8,36,0,5,34,102,48,1,1,0,0,0,0,0,0,0,0,0,0,0,,
持心經,T 585 (2),17324,False,False,False,False,34,15,6,77,12,4,68,37,22,0,0,0,0,0,0,0,0,0,0,0,0,0,,
持心經,T 585 (3),14395,False,False,False,False,4,9,12,41,6,8,29,49,44,2,0,0,0,0,0,0,0,0,0,0,0,0,,
持心經,T 585 (4),13748,False,False,False,False,7,6,4,10,3,1,10,18,8,6,0,0,0,0,0,0,0,0,0,0,0,0,,
修行經,T 606 (1),13076,False,False,False,False,2,0,17,33,0,3,26,31,22,1,0,0,0,0,0,0,0,0,0,0,0,0,,
修行經,T 606 (2),11185,False,False,False,False,1,0,3,20,0,3,18,35,35,1,0,0,0,0,0,0,0,0,0,0,0,0,,
修行經,T 606 (3),15076,False,False,False,False,0,4,14,18,3,4,17,23,10,7,1,0,0,0,0,0,0,0,0,0,0,0,,
修行經,T 606 (4),11559,False,False,False,False,1,13,12,13,10,3,6,64,36,1,0,0,0,0,0,0,0,0,0,0,0,0,,
修行經,T 606 (5),13009,False,False,False,False,1,1,7,10,1,2,10,108,95,4,2,0,0,0,0,0,0,0,0,0,0,0,,
修行經,T 606 (6),8357,False,False,False,False,0,0,2,8,0,2,7,25,17,1,0,0,0,0,0,0,0,0,0,0,0,0,,
修行經,T 606 (7),11639,False,False,False,False,0,1,4,50,1,4,47,67,51,2,1,0,0,0,0,0,0,0,0,0,0,0,,
漸備一切智經,T 285 (1),16630,False,True,False,False,9,3,2,4,3,2,3,15,13,2,0,0,0,1,0,0,0,0,0,0,0,0,,
漸備一切智經,T 285 (2),7432,False,False,False,False,1,0,2,3,0,0,1,4,2,2,0,0,0,0,0,0,0,0,0,0,0,0,,
漸備一切智經,T 285 (3),8955,False,False,False,False,4,0,3,6,0,2,3,3,2,2,2,0,0,2,0,0,0,0,0,0,0,0,,
漸備一切智經,T 285 (4),18023,False,True,False,False,8,1,0,12,1,0,11,16,12,0,0,0,0,0,0,0,0,0,0,0,0,0,,
漸備一切智經,T 285 (5),12683,False,False,False,False,10,1,5,10,1,2,7,8,8,1,0,0,0,0,0,0,0,0,0,0,0,0,,
生經,T 154 (1),13807,False,True,False,False,5,6,6,12,3,2,7,8,8,5,1,0,0,0,0,0,0,0,0,0,0,0,,
生經,T 154 (2),13263,False,True,False,False,49,11,5,14,3,2,10,14,2,4,1,0,0,0,0,0,0,0,0,0,0,0,,
生經,T 154 (3),13293,False,True,False,False,7,6,2,8,4,2,7,9,9,3,0,0,0,0,0,0,0,0,0,0,0,0,,
生經,T 154 (4),11809,False,True,False,False,7,0,8,6,0,5,4,26,19,10,7,0,0,0,0,0,0,0,0,0,0,0,,
生經,T 154 (5),13874,False,True,False,False,4,2,9,28,0,3,19,7,5,4,1,0,0,0,0,0,0,0,0,0,0,0,,
海龍王經,T 598 (1),11493,False,True,False,False,5,19,10,8,19,3,8,68,66,1,0,0,0,0,0,0,0,0,0,0,0,0,,
海龍王經,T 598 (2),11491,False,False,False,False,5,0,5,82,0,0,76,6,5,2,0,0,0,0,0,0,0,0,0,0,0,0,,
海龍王經,T 598 (3),12714,False,False,False,False,5,5,8,13,3,4,6,21,14,2,2,0,0,1,0,0,0,0,0,0,0,0,,
海龍王經,T 598 (4),12404,False,False,False,False,4,2,0,18,1,0,12,5,3,3,0,0,0,0,0,0,0,0,0,0,0,0,,
普超經,T 627 (1),12951,False,True,False,False,0,2,4,7,1,1,3,55,45,16,3,0,0,0,0,0,0,0,0,0,0,0,,
普超經,T 627 (2),15319,False,False,False,False,2,2,2,15,2,2,15,32,26,0,0,0,0,0,0,0,0,0,0,0,0,0,,
普超經,T 627 (3),14981,False,True,False,False,40,3,3,20,3,1,15,19,9,3,1,0,0,0,0,0,0,0,0,0,0,0,,
維摩鞊經,T 477,13358,False,True,False,False,9,4,2,8,1,0,8,9,6,5,0,0,0,0,0,0,0,0,0,0,0,0,,
阿惟越致遮經,T 266 (1),15557,False,True,False,False,3,1,8,7,1,7,8,69,75,3,0,0,0,0,0,0,0,0,0,0,0,0,,
阿惟越致遮經,T 266 (2),18031,False,False,False,False,4,6,15,15,5,14,9,78,96,0,0,0,0,0,0,0,0,0,0,0,0,0,,
阿惟越致遮經,T 266 (3),12265,False,False,False,False,7,3,7,14,3,5,9,10,9,4,0,0,0,0,0,0,0,0,0,0,0,0,,
嚴淨佛土經,T 318 (1),10255,False,True,False,False,3,0,4,6,0,2,6,26,25,2,1,0,0,0,0,0,0,0,0,0,0,0,,
嚴淨佛土經,T 318 (2),10677,False,False,False,False,4,5,11,17,5,6,17,5,4,3,1,0,0,0,0,0,0,0,0,0,0,0,,
阿耨達經,T 635 (1),9316,False,True,False,False,3,4,4,10,4,1,6,70,85,1,0,0,0,0,0,0,0,0,0,0,0,0,,
阿耨達經,T 635 (2),8552,False,True,False,False,1,3,4,8,3,2,6,43,34,0,0,0,0,0,0,0,0,0,0,0,0,0,,
阿耨達經,T 635 (3),9016,False,True,False,False,3,15,5,24,1,3,12,31,22,2,0,0,0,0,0,0,0,0,0,0,0,0,,
阿耨達經,T 635 (4),7868,False,False,False,False,5,7,3,18,6,0,17,21,21,6,5,0,0,0,0,0,0,0,0,0,0,0,,
寶藏經,T 461 (1),13270,False,True,False,False,6,10,8,22,6,8,19,47,27,3,2,0,0,0,0,0,0,0,0,0,0,0,,
寶藏經,T 461 (2),12756,False,False,False,False,3,24,2,34,9,2,30,39,17,9,9,0,0,0,0,0,0,0,0,0,0,0,,
要集經,T 810 (1),12660,False,True,False,False,0,2,10,7,1,6,2,80,66,2,0,0,0,0,0,0,0,0,0,0,0,0,,
要集經,T 810 (2),15782,False,False,False,False,5,15,15,24,9,4,3,27,17,5,0,0,0,0,0,0,0,0,0,0,0,0,,
等集眾德三昧經,T 381 (1),9739,False,True,False,False,3,3,4,10,0,1,10,31,31,1,0,0,0,0,0,0,0,0,0,0,0,0,,
等集眾德三昧經,T 381 (2),9464,False,False,False,False,3,1,2,31,1,1,29,32,8,2,0,0,0,0,0,0,0,0,0,0,0,0,,
等集眾德三昧經,T 381 (3),9372,False,False,False,False,6,0,4,23,0,1,18,30,23,0,0,0,0,0,0,0,0,0,0,0,0,0,,
離垢施女經,T 338,14860,False,True,False,False,4,10,7,6,5,2,4,50,9,4,1,0,0,0,0,0,0,0,0,0,0,0,,
郁迦長者經,T 323,14203,False,True,False,False,0,0,3,16,0,2,8,14,12,6,0,0,0,0,0,0,0,0,0,0,0,0,,
大淨法門經,T 817 ,16875,False,True,False,False,13,2,20,65,1,5,57,33,25,8,0,0,0,0,0,0,0,0,0,0,0,0,,
須真天子經,T 588 (1),8469,False,True,False,False,4,0,1,0,0,1,0,32,32,0,0,0,0,0,1,0,0,0,0,0,0,0,,
須真天子經,T 588 (2),6789,False,False,False,False,8,5,0,7,4,0,7,2,2,0,0,0,0,0,0,0,0,0,0,0,0,0,,
須真天子經,T 588 (3),9356,False,False,False,False,0,9,1,12,6,0,2,1,1,0,0,0,0,0,0,0,0,0,0,0,0,0,,
須真天子經,T 588 (4),6192,False,False,False,False,3,4,0,9,1,0,5,0,0,0,0,0,0,0,0,0,0,0,0,0,0,0,,
幻士仁賢經,T 324 ,11393,False,True,False,False,4,1,0,4,0,0,3,10,7,2,0,0,0,0,0,0,0,0,0,0,0,0,,
魔逆經,T 589 ,14027,False,True,False,False,72,2,5,14,1,2,28,64,49,4,3,0,0,0,0,0,0,0,0,0,0,0,,
濟諸方等經,T 274 ,8747,False,True,False,False,2,2,1,17,2,1,16,18,15,0,0,0,0,0,0,0,0,0,0,0,0,0,,
德光太子經,T 170,11579,False,True,False,False,2,1,0,8,1,0,8,17,14,3,0,0,0,0,0,0,0,0,0,0,0,0,,
文殊師利淨律經,T 460 ,8178,False,True,False,False,2,0,1,6,0,0,5,24,20,3,3,0,0,0,0,0,0,0,0,0,0,0,,
決總持經,T 811 ,5180,False,True,False,False,0,1,1,3,0,1,3,5,5,1,0,0,0,0,0,0,0,0,0,0,0,0,,
寶女經,T 399 (1),9809,False,True,False,False,2,0,0,12,0,0,8,27,23,6,1,0,0,0,0,0,0,0,0,0,0,0,,
寶女經,T 399 (2),7919,False,False,False,False,1,1,1,10,1,1,3,12,4,1,0,0,0,0,0,0,0,0,0,0,0,0,,
寶女經,T 399 (3),10481,False,False,False,False,0,0,1,8,0,0,6,7,6,0,0,0,0,0,0,0,0,0,0,0,0,0,,
寶女經,T 399 (4),7906,False,False,False,False,1,0,1,4,0,0,3,9,5,1,1,0,0,0,0,0,0,0,0,0,0,0,,
如來興顯經,T 291 (1),8843,False,True,False,False,2,0,2,5,0,2,5,8,7,1,0,0,0,0,0,0,0,0,0,0,0,0,,
如來興顯經,T 291 (2),10707,False,False,False,False,0,0,5,3,0,1,3,14,9,0,0,0,0,0,0,0,0,0,0,0,0,0,,
如來興顯經,T 291 (3),10282,False,False,False,False,0,2,2,31,0,2,29,20,10,1,1,0,0,0,0,0,0,0,0,0,0,0,,
如來興顯經,T 291 (4),10195,False,False,False,False,1,0,3,18,0,2,16,20,18,3,1,0,0,0,0,0,0,0,0,0,0,0,,
首意女經,T 567,3371,False,True,False,False,0,0,0,12,0,0,11,3,2,0,0,0,0,0,0,0,0,0,0,0,0,0,,
月明童子經,T 534 ,4714,False,True,False,False,10,0,1,2,0,1,1,3,1,1,1,0,0,0,0,0,0,0,0,0,0,0,,
五十緣身行,T 812 ,3552,False,False,False,False,3,0,1,0,0,1,0,0,0,2,0,0,0,0,0,0,0,0,0,0,0,0,,
四自侵經,T 736 ,2745,False,False,False,False,1,1,2,5,1,1,4,5,3,0,0,0,0,0,0,0,0,0,0,0,0,0,,
須摩經,T 334,4447,False,True,False,False,2,0,0,4,0,0,4,8,2,0,0,0,0,0,0,0,0,0,0,0,0,0,,
方等泥洹經,T 378 (1),14023,False,True,False,False,0,5,3,22,2,1,22,13,10,2,0,0,0,0,0,0,0,0,0,0,0,0,,
方等泥洹經,T 378 (2),12056,False,False,False,False,0,3,3,6,0,1,6,0,0,11,1,0,0,0,0,0,0,0,0,0,0,0,,
大善權經,T 345 (1),9398,False,True,False,False,9,3,2,34,2,1,33,43,54,2,0,0,0,0,0,0,0,0,0,0,0,0,,
大善權經,T 345 (2),8068,False,False,False,False,0,0,6,18,0,4,19,4,1,2,1,0,0,0,0,0,0,0,0,0,0,0,,
無言童子經,T 401 (1),10942,False,True,False,False,8,0,6,31,0,3,29,19,20,1,0,0,0,0,0,0,0,0,0,0,0,0,,
無言童子經,T 401 (2),12850,False,False,False,False,4,4,4,18,3,2,9,34,23,4,0,0,0,0,0,0,0,0,0,0,0,0,,
頂王經,T 477 ,13358,False,True,False,False,9,4,2,8,1,0,9,9,8,5,3,0,0,0,0,0,0,0,0,0,0,0,,
聖法印經,T 103 ,781,False,True,False,False,0,1,0,5,1,0,5,2,2,0,0,0,0,0,0,0,0,0,0,0,0,0,,
移山經,T 135 ,2875,False,True,False,False,0,2,1,15,1,0,5,1,1,1,1,0,0,0,0,0,0,0,0,0,0,0,,
文殊師利五體悔過經,T 459,11923,False,True,False,False,2,0,5,3,0,0,2,8,8,1,1,0,0,0,0,0,0,0,0,0,0,0,,
持人菩薩經,T 481 (1),8046,False,True,False,False,2,0,1,17,0,1,17,40,70,4,3,0,0,0,0,0,0,0,0,0,0,0,,
持人菩薩經,T 481 (2),7810,False,True,False,False,0,0,16,3,0,4,2,12,11,1,0,0,0,0,0,0,0,0,0,0,0,0,,
持人菩薩經,T 481 (3),6553,False,True,False,False,0,1,3,5,1,2,3,37,34,0,0,0,0,0,0,0,0,0,0,0,0,0,,
持人菩薩經,T 481 (4),7599,False,True,False,False,0,0,2,10,0,1,6,18,15,4,0,0,0,0,0,0,0,0,0,0,0,0,,
滅十方冥經,T 435 ,3583,False,True,False,False,0,1,0,2,1,0,2,0,0,1,0,0,0,0,0,0,0,0,0,0,0,0,,
彌勒成佛經,T 453 ,4558,False,True,False,False,0,1,1,4,0,0,3,7,5,0,0,0,0,2,0,0,0,0,0,0,0,0,,
琉璃王經,T 513 ,4177,False,True,False,False,3,2,1,7,1,0,7,3,0,1,1,0,0,0,0,0,0,0,0,0,0,0,,
寶罔童子經,T 433,14626,False,True,False,False,2,13,4,3,0,2,3,3,3,1,1,0,0,0,0,0,0,0,0,0,0,0,,
順權方便經,T 565 (1),8602,False,True,False,False,1,12,1,12,1,1,11,48,46,3,1,0,0,0,0,0,0,0,0,0,0,0,,
順權方便經,T 565 (2),9728,False,False,False,False,0,4,5,13,3,3,10,41,16,3,0,0,0,0,0,0,0,0,0,0,0,0,,
五百弟子本起經,T 199 ,16042,False,False,False,False,2,5,12,1,1,5,1,6,2,7,3,0,0,0,0,0,0,0,0,0,0,0,,
普門經,T 315,12368,False,True,False,False,4,2,14,48,2,4,10,37,34,4,2,0,0,0,0,0,0,0,0,0,0,0,,
如幻三昧經,T 342 (1),18568,False,True,False,False,7,4,17,15,2,9,6,44,22,6,0,0,0,0,0,0,0,0,0,0,0,0,,
如幻三昧經,T 342 (2),18182,False,True,False,False,22,10,18,35,3,7,11,66,51,3,1,0,0,0,0,0,0,0,0,0,0,0,,
彌勒本願經,T 349,4761,False,True,False,False,2,1,2,1,1,0,1,3,3,0,0,0,0,0,0,0,0,0,0,0,0,0,,
胞胎經,T 317,8509,False,True,False,False,1,2,9,11,2,0,11,5,4,1,0,0,0,0,0,0,0,0,0,0,0,0,,
十地經,T 283,10191,True,False,False,False,0,2,0,0,0,0,0,0,0,0,0,0,0,0,0,0,0,0,0,0,0,0,,
太子慕魄經,T 168,1618,False,True,False,False,0,1,3,5,0,2,5,1,1,0,0,0,0,0,0,0,0,0,0,0,0,0,,
四不可得經,T 770,2730,False,True,False,False,1,1,2,11,1,1,7,13,11,0,0,0,0,0,0,0,0,0,0,0,0,0,,
當來變經,T 395,1117,False,True,False,False,1,0,0,0,0,0,0,7,6,0,0,0,0,0,0,0,0,0,0,0,0,0,,
乳光經,T 809,4020,False,True,False,False,0,13,1,6,0,1,4,7,5,3,0,0,0,0,0,0,0,0,0,0,0,0,,
心明女梵志婦飯汁施經,T 569,1832,False,False,False,False,4,0,0,4,0,0,3,0,0,0,0,0,0,0,0,0,0,0,0,0,0,0,,
鴦掘摩經,T 118,3188,False,True,False,False,0,0,1,6,0,1,6,7,7,4,2,0,0,0,0,0,0,0,0,0,0,0,,
摩調王經,T 152 (87),1703,False,True,False,False,1,0,0,8,0,0,7,1,1,0,0,0,0,0,0,0,0,0,0,0,0,0,,
象出經,T 813,13023,False,True,False,False,16,5,1,11,2,1,11,23,20,1,1,0,0,0,0,0,0,0,0,0,0,0,,
所欲致患經,T 737,3568,False,True,False,False,0,4,3,10,3,0,9,1,1,0,0,0,0,0,0,0,0,0,0,0,0,0,,
獨證自誓三昧經,T 623,3992,False,True,False,False,5,0,0,0,0,0,0,4,4,4,0,0,0,0,0,0,0,0,0,0,0,0,,
過去佛分衛經,T 180,773,False,False,False,False,0,0,0,0,0,0,0,0,0,0,0,0,0,0,0,0,0,0,0,0,0,0,,
阿差末經,T 403 (1),7983,False,True,False,False,2,0,4,12,0,2,6,14,9,3,3,0,0,0,0,0,0,0,0,0,0,0,,
阿差末經,T 403 (2),8307,False,False,False,False,1,1,5,7,1,1,6,26,24,1,1,0,0,0,0,0,0,0,0,0,0,0,,
阿差末經,T 403 (3),7588,False,False,False,False,0,2,5,7,2,3,5,43,31,3,2,0,0,0,0,0,0,0,0,0,0,0,,
阿差末經,T 403 (4),7968,False,False,False,False,2,0,19,9,0,1,7,52,36,0,0,0,0,0,0,0,0,0,0,0,0,0,,
阿差末經,T 403 (5),6997,False,False,False,False,0,0,1,1,0,0,1,111,97,1,0,0,0,0,0,0,0,0,0,0,0,0,,
阿差末經,T 403 (6),7430,False,False,False,False,1,0,1,5,0,0,3,73,101,1,0,0,0,0,0,0,0,0,0,0,0,0,,
阿差末經,T 403 (7),6251,False,False,False,False,0,0,3,0,0,1,0,64,62,2,2,0,0,1,0,0,0,0,0,0,0,0,,
無極寶經,T 636 (1),11191,False,True,False,False,2,11,14,21,2,11,21,3,1,0,0,0,0,0,0,0,0,0,0,0,0,0,,
無極寶經,T 636 (2),9531,False,False,False,False,3,1,8,9,1,8,9,5,2,1,1,0,0,0,0,0,0,0,0,0,0,0,,
阿述達經,T 337,11393,False,True,False,False,2,33,1,0,3,1,0,25,20,4,0,0,0,0,0,0,0,0,0,0,0,0,,
等目菩薩經,T 288 (1),9188,False,True,False,False,1,1,5,5,1,4,4,21,17,0,0,0,0,0,0,0,0,0,0,0,0,0,,
等目菩薩經,T 288 (2),8692,False,False,False,False,0,2,6,8,0,4,2,74,32,0,0,0,0,0,0,0,0,0,0,0,0,0,,
等目菩薩經,T 288 (3),11909,False,False,False,False,0,8,10,17,8,6,13,44,33,3,0,0,0,0,0,0,2,0,0,0,0,0,,
迦葉本經,T 496,2898,False,True,False,False,2,0,0,0,0,0,0,1,1,0,0,0,0,0,0,0,0,0,0,0,0,0,,
龍施經,T 558,2630,False,True,False,False,0,1,1,0,0,1,0,1,1,0,0,0,0,0,0,0,0,0,0,0,0,0,,
鹿母經,T 182,1689,False,False,False,False,0,0,1,0,0,1,0,0,0,2,2,0,0,0,0,0,0,0,0,0,0,0,,
超日明經,T 638 (1),17304,False,True,False,False,3,3,8,12,0,2,11,62,61,5,2,0,0,1,0,0,0,0,0,0,0,0,,
超日明經,T 638 (2),13819,False,False,False,False,7,2,7,59,1,3,53,48,43,2,0,0,0,1,0,0,0,0,0,0,0,0,,
須真天子經,T 588 (1),8469,False,True,False,False,4,0,1,0,0,0,0,32,32,0,0,0,0,0,1,0,0,0,0,0,0,0,,
須真天子經,T 588 (2),6789,False,False,False,False,8,5,0,7,4,0,7,2,2,0,0,0,0,0,0,0,0,0,0,0,0,0,,
須真天子經,T 588 (3),9356,False,False,False,False,0,9,1,12,6,0,11,1,20,0,0,0,0,0,0,0,0,0,0,0,0,0,,
須真天子經,T 588 (4),6192,False,False,False,False,3,4,0,9,2,0,7,0,0,0,0,0,0,0,0,0,0,0,0,0,0,0,,
樓炭經,T 23 (1),8867,False,True,False,False,0,6,1,3,0,1,3,2,1,9,0,0,0,0,0,0,0,0,0,0,0,0,,
樓炭經,T 23 (2),10019,False,False,False,False,0,0,26,1,0,3,1,0,0,2,0,0,0,0,0,0,0,0,0,0,0,0,,
樓炭經,T 23 (3),10765,False,False,False,False,1,7,9,29,3,3,29,2,0,7,0,0,0,0,0,0,0,0,0,0,0,0,,
樓炭經,T 23 (4),10654,False,False,False,False,0,12,1,2,2,1,2,5,1,10,0,0,0,0,0,0,0,0,0,0,0,0,,
樓炭經,T 23 (5),8566,False,False,False,False,0,3,8,12,2,7,14,9,9,3,1,0,0,0,0,0,0,0,0,0,0,0,,
樓炭經,T 23 (6),8460,False,False,False,False,1,11,0,39,1,0,39,9,6,8,0,0,0,0,0,0,0,0,0,0,0,0,,
法句本末經,T 211 (1),16494,False,False,False,False,10,3,12,23,2,3,7,11,4,7,15,0,0,3,0,0,0,0,0,0,0,0,,
法句本末經,T 211 (2),12129,False,False,False,False,5,1,5,20,0,5,12,14,14,3,2,0,0,6,0,0,0,0,0,0,0,0,,
法句本末經,T 211 (3),14930,False,False,False,False,2,1,13,26,1,9,19,37,34,2,0,0,0,15,0,0,0,0,0,0,0,0,,
法句本末經,T 211 (4),11712,False,False,False,False,2,0,5,15,0,2,4,24,25,7,4,0,0,3,0,0,0,0,0,0,0,0,,
福田經,T 683,3543,False,True,False,False,4,4,0,0,0,0,0,2,2,0,0,0,0,0,0,0,0,0,0,0,0,0,,
摩訶鉢羅若波羅蜜經抄,T 226 (1),10224,False,True,False,False,14,3,6,0,1,7,0,11,10,0,0,0,0,0,0,0,0,0,0,0,0,0,,
摩訶鉢羅若波羅蜜經抄,T 226 (2),12459,False,False,False,False,2,27,6,0,0,6,0,2,1,1,1,0,0,0,0,0,0,0,0,0,0,0,,
摩訶鉢羅若波羅蜜經抄,T 226 (3),10685,False,False,False,False,8,34,0,0,0,0,0,15,15,3,0,0,0,0,0,0,0,0,0,0,0,0,,
摩訶鉢羅若波羅蜜經抄,T 226 (4),12722,False,False,False,False,7,67,1,0,2,1,0,11,4,2,0,0,0,0,0,0,0,0,0,0,0,0,,
摩訶鉢羅若波羅蜜經抄,T 226 (5),10315,False,False,False,False,5,66,0,0,1,0,0,4,4,3,0,0,0,0,0,0,0,0,0,0,0,0,,
雜阿毘曇毘婆沙,T 1547 (1),11929,False,False,False,False,0,13,1,21,10,0,19,48,21,2,1,0,0,0,0,0,0,0,0,0,0,0,,
雜阿毘曇毘婆沙,T 1547 (2),13670,False,False,False,False,0,11,2,26,6,0,17,92,78,0,0,0,0,0,0,0,0,0,0,0,0,0,,
雜阿毘曇毘婆沙,T 1547 (3),15367,False,False,False,False,0,28,1,72,21,0,69,110,61,2,3,0,0,1,0,0,0,0,0,0,0,0,,
雜阿毘曇毘婆沙,T 1547 (4),15791,False,False,False,False,0,10,31,51,6,0,63,153,126,1,0,0,0,2,0,0,14,0,0,0,0,0,,
雜阿毘曇毘婆沙,T 1547 (5),11173,False,False,False,False,0,40,8,10,32,0,10,95,26,0,0,0,0,0,0,0,0,0,0,0,0,0,,
雜阿毘曇毘婆沙,T 1547 (6),13640,False,False,False,False,0,20,9,7,20,0,3,167,146,0,0,0,0,1,0,0,0,0,0,0,0,0,,
雜阿毘曇毘婆沙,T 1547 (7),15388,False,False,False,False,0,77,0,4,66,0,3,262,257,0,0,0,0,1,0,0,0,0,0,0,0,0,,
雜阿毘曇毘婆沙,T 1547 (8),11117,False,False,False,False,0,22,0,2,5,0,28,140,132,0,0,0,0,0,0,0,0,0,0,0,0,0,,
雜阿毘曇毘婆沙,T 1547 (9),12030,False,False,False,False,0,33,8,10,14,0,7,107,147,1,1,0,0,1,0,0,0,0,0,0,0,0,,
雜阿毘曇毘婆沙,T 1547 (10),13918,False,False,False,False,0,26,0,3,24,0,3,162,148,0,0,0,0,0,0,0,0,0,0,0,0,0,,
雜阿毘曇毘婆沙,T 1547 (11),16820,False,False,False,False,1,39,1,0,29,1,0,145,161,4,1,0,0,1,0,0,0,0,0,0,0,0,,
雜阿毘曇毘婆沙,T 1547 (12),15615,False,False,False,False,0,54,1,8,33,9,6,65,59,1,1,0,0,0,0,0,0,0,0,0,0,0,,
雜阿毘曇毘婆沙,T 1547 (13),12530,False,False,False,False,0,52,1,4,46,0,4,96,87,0,0,0,0,10,0,0,0,0,0,0,0,0,,
雜阿毘曇毘婆沙,T 1547 (14),12763,False,False,False,False,0,44,0,9,41,0,44,81,86,6,2,0,0,0,0,0,0,0,0,0,0,0,,
婆須蜜,T 1549 (1),15259,False,False,False,False,0,61,6,74,46,0,55,66,63,1,1,0,0,0,0,0,1,1,0,0,0,0,,
婆須蜜,T 1549 (2),14621,False,False,False,False,0,55,3,17,40,1,16,44,43,2,0,0,0,0,0,0,0,0,0,0,0,0,,
婆須蜜,T 1549 (3),14540,False,False,False,False,0,68,1,42,68,0,34,28,20,0,0,0,0,0,0,0,0,0,0,0,0,0,,
婆須蜜,T 1549 (4),15629,False,False,False,False,4,61,12,42,47,1,36,53,41,0,0,0,0,0,0,0,0,0,0,0,0,0,,
婆須蜜,T 1549 (5),18776,False,False,False,False,0,69,7,86,65,4,77,65,49,4,1,0,0,0,0,0,0,0,0,0,0,0,,
婆須蜜,T 1549 (6),10731,False,False,False,False,0,13,1,28,13,0,26,61,46,2,2,0,0,2,0,0,0,0,0,0,0,0,,
婆須蜜,T 1549 (7),11043,False,False,False,False,0,63,2,49,55,2,41,53,51,0,0,0,0,0,0,0,0,0,0,0,0,0,,
婆須蜜,T 1549 (8),24130,False,False,False,False,0,79,0,86,42,0,83,136,1948,1,0,0,0,0,0,0,0,0,0,0,0,0,,
婆須蜜,T 1549 (9),14656,False,False,False,False,0,60,0,68,54,0,21,58,57,2,1,0,0,0,0,0,0,0,0,0,0,0,,
婆須蜜,T 1549 (10),14634,False,False,False,True,0,3,0,107,1,0,48,46,27,2,2,0,0,0,0,0,0,0,0,0,0,0,,
僧伽羅剎集經,T 194 (1),13667,False,False,False,False,2,5,6,6,1,0,6,8,8,2,2,0,0,0,0,0,0,0,0,0,0,0,,
僧伽羅剎集經,T 194 (2),16831,False,True,False,False,2,1,3,3,0,0,2,22,22,3,3,0,0,1,0,0,0,0,0,0,0,0,,
僧伽羅剎集經,T 194 (3),17904,False,True,False,False,4,32,4,3,20,0,0,22,8,3,1,0,0,5,0,0,0,0,0,0,0,0,,
四阿鋡暮抄經,T 1505 (1),18317,False,False,False,False,1,10,6,96,4,2,60,58,56,3,0,0,0,0,0,0,0,0,0,0,0,0,,
四阿鋡暮抄經,T 1505 (2),17435,False,False,False,False,1,2,10,183,2,4,36,34,21,9,7,0,0,0,0,0,0,0,0,0,0,0,,
增一阿鋡經,T 125 (1),8782,False,True,False,False,5,0,0,18,0,0,0,14,13,0,0,0,0,0,0,0,0,0,0,0,0,0,,
增一阿鋡經,T 125 (2),6149,False,True,False,False,0,2,1,3,2,0,0,21,13,0,0,0,0,0,0,0,0,0,0,0,0,0,,
增一阿鋡經,T 125 (3),8171,False,True,False,False,0,9,3,0,0,0,0,192,197,1,0,0,0,0,0,0,0,0,0,0,0,0,,
增一阿鋡經,T 125 (4),7882,False,True,False,False,5,1,0,2,1,0,2,26,22,1,0,0,0,0,0,0,0,0,0,0,0,0,,
增一阿鋡經,T 125 (5),9178,False,True,False,False,3,6,1,1,2,1,1,20,18,0,0,0,0,0,0,0,0,0,0,0,0,0,,
增一阿鋡經,T 125 (6),9105,False,True,False,False,5,12,0,1,6,0,0,4,4,0,0,0,0,0,0,0,0,0,0,0,0,0,,
增一阿鋡經,T 125 (7),13077,False,True,False,False,2,5,8,20,2,1,10,43,34,1,1,0,0,0,0,0,0,0,0,0,0,0,,
增一阿鋡經,T 125 (8),8444,False,True,False,False,4,14,1,7,2,0,7,21,17,3,0,0,0,0,0,0,0,0,0,0,0,0,,
增一阿鋡經,T 125 (9),11178,False,True,False,False,4,5,1,8,3,1,5,33,24,2,3,0,0,0,0,0,0,0,0,0,0,0,,
增一阿鋡經,T 125 (10),6925,False,True,False,False,1,2,1,1,2,1,1,18,15,0,0,0,0,0,0,0,0,0,0,0,0,0,,
增一阿鋡經,T 125 (11),9490,False,True,False,False,4,17,4,11,1,2,11,13,3,6,0,0,0,0,0,0,0,0,0,0,0,0,,
增一阿鋡經,T 125 (12),13667,False,True,False,False,2,0,2,3,0,0,3,75,61,2,0,0,0,0,0,0,0,0,0,0,0,0,,
增一阿鋡經,T 125 (13),11342,False,True,False,False,2,7,22,7,6,5,2,36,23,8,0,0,0,0,0,0,0,0,0,0,0,0,,
增一阿鋡經,T 125 (14),9578,False,True,False,False,3,6,6,7,5,1,5,19,16,3,0,0,0,2,0,0,0,0,0,0,0,0,,
增一阿鋡經,T 125 (15),9169,False,False,False,False,2,50,4,1,12,4,0,14,21,1,0,0,0,2,0,0,0,0,0,0,0,0,,
增一阿鋡經,T 125 (16),11291,False,True,False,False,4,19,8,2,17,6,2,23,22,2,0,0,0,0,0,0,0,0,0,0,0,0,,
增一阿鋡經,T 125 (17),8199,False,True,False,False,4,0,0,5,0,0,5,66,40,0,0,0,0,5,0,0,0,0,0,0,0,0,,
增一阿鋡經,T 125 (18),11138,False,True,False,False,3,2,6,4,0,5,3,17,1,0,0,0,0,0,0,0,0,0,0,0,0,0,,
增一阿鋡經,T 125 (19),10464,False,True,False,False,0,8,1,5,2,0,4,49,49,2,0,0,0,5,0,0,0,0,0,0,0,0,,
增一阿鋡經,T 125 (20),14425,False,True,False,False,28,23,3,38,19,3,17,35,31,1,0,0,0,0,0,0,0,0,0,0,0,0,,
增一阿鋡經,T 125 (21),7514,False,True,False,False,0,9,6,6,7,3,6,42,27,4,0,0,0,0,0,0,0,0,0,0,0,0,,
增一阿鋡經,T 125 (22),11794,False,True,False,False,14,14,2,19,12,0,18,8,6,4,1,0,0,0,0,0,0,0,0,0,0,0,,
增一阿鋡經,T 125 (23),15540,False,True,False,False,7,7,11,29,1,3,18,55,32,2,0,0,0,4,0,0,0,0,0,0,0,0,,
增一阿鋡經,T 125 (24),15026,False,True,False,False,6,2,4,9,1,4,7,32,27,0,0,0,0,1,0,0,0,0,0,0,0,0,,
增一阿鋡經,T 125 (25),14590,False,True,False,False,0,18,5,20,7,3,13,25,12,9,0,0,0,26,0,0,0,0,0,0,0,0,,
增一阿鋡經,T 125 (26),17156,False,True,False,False,6,0,4,14,0,0,9,21,15,12,6,0,0,3,0,0,0,0,0,0,0,0,,
增一阿鋡經,T 125 (27),7800,False,True,False,False,4,3,2,7,3,1,6,12,8,0,0,0,0,0,0,0,0,0,0,0,0,0,,
增一阿鋡經,T 125 (28),11549,False,True,False,False,7,6,4,12,2,0,11,30,6,1,0,0,0,0,0,0,0,0,0,0,0,0,,
增一阿鋡經,T 125 (29),7768,False,True,False,False,9,1,4,6,1,1,5,12,5,1,0,0,0,2,0,0,0,0,0,0,0,0,,
增一阿鋡經,T 125 (30),9091,False,True,False,False,1,3,8,12,2,2,10,18,15,0,0,0,0,2,0,0,0,0,0,0,0,0,,
增一阿鋡經,T 125 (31),10260,False,True,False,True,0,6,9,13,3,7,8,8,2,1,0,0,0,2,0,0,0,0,0,0,0,0,,
增一阿鋡經,T 125 (32),10612,False,True,False,False,2,3,8,4,0,2,2,15,5,2,0,0,0,4,0,0,0,0,0,0,0,0,,
增一阿鋡經,T 125 (33),13178,False,True,False,False,9,2,3,44,2,1,24,56,48,0,0,0,0,0,0,0,0,0,0,0,0,0,,
增一阿鋡經,T 125 (34),11340,False,True,False,False,1,6,5,15,0,3,14,45,15,0,0,0,0,0,0,0,0,0,0,0,0,0,,
增一阿鋡經,T 125 (35),10252,False,True,False,False,4,4,11,24,3,8,6,15,12,1,0,0,0,2,0,0,0,0,0,0,0,0,,
增一阿鋡經,T 125 (36),8336,False,True,False,False,1,1,4,15,0,2,18,22,15,0,0,0,0,2,0,0,0,0,0,0,0,0,,
增一阿鋡經,T 125 (37),8226,False,True,False,False,9,3,1,18,1,0,18,38,38,1,0,0,0,0,0,0,0,0,0,0,0,0,,
增一阿鋡經,T 125 (38),8100,False,True,False,False,0,8,5,18,5,2,18,4,4,0,0,0,0,1,0,0,0,0,0,0,0,0,,
增一阿鋡經,T 125 (39),8142,False,True,False,False,2,9,2,10,4,2,8,7,4,2,5,0,0,0,0,0,0,0,0,0,0,0,,
增一阿鋡經,T 125 (40),8725,False,True,False,False,0,3,3,23,1,2,22,20,24,1,0,0,0,0,0,0,0,0,0,0,0,0,,
增一阿鋡經,T 125 (41),11554,False,True,False,False,5,2,6,11,2,4,11,8,4,8,1,0,0,23,0,0,0,0,0,0,0,0,,
增一阿鋡經,T 125 (42),9988,False,True,False,False,0,1,8,20,1,8,19,136,105,1,0,0,0,1,0,0,0,0,0,0,0,0,,
增一阿鋡經,T 125 (43),9245,False,True,False,False,1,18,9,7,17,5,2,10,7,5,0,0,0,0,0,0,0,0,0,0,0,0,,
增一阿鋡經,T 125 (44),7466,False,True,False,False,0,0,0,6,0,0,4,7,6,0,0,0,0,2,0,0,0,0,0,0,0,0,,
增一阿鋡經,T 125 (45),7120,False,True,False,False,2,5,4,4,5,3,3,6,1,0,0,0,0,2,0,0,0,0,0,0,0,0,,
增一阿鋡經,T 125 (46),11627,False,True,False,False,0,0,12,12,0,2,9,41,35,0,0,0,0,0,0,0,0,0,0,0,0,0,,
增一阿鋡經,T 125 (47),12589,False,True,False,False,6,6,6,10,1,4,10,18,8,1,4,0,0,1,0,0,0,0,0,0,0,0,,
增一阿鋡經,T 125 (48),14175,False,True,False,False,3,4,6,22,3,6,14,26,22,11,1,0,0,7,0,0,0,0,0,0,0,0,,
增一阿鋡經,T 125 (49),13582,False,True,False,False,9,6,4,10,3,2,7,33,17,0,0,0,0,2,0,0,0,0,0,0,0,0,,
增一阿鋡經,T 125 (50),7598,False,True,False,False,4,16,2,6,1,1,7,3,1,0,0,0,0,0,0,0,0,0,0,0,0,0,,
增一阿鋡經,T 125 (51),9201,False,True,False,False,3,5,22,10,3,6,2,13,6,2,0,0,0,1,0,0,0,0,0,0,0,0,,
出曜經,T 212 (1),9826,False,True,False,False,3,4,11,13,4,2,11,24,23,3,0,0,0,0,0,0,0,0,0,0,0,0,,
出曜經,T 212 (2),9353,False,False,False,False,4,8,4,9,3,2,9,15,12,2,2,0,0,0,0,0,0,0,0,0,0,0,,
出曜經,T 212 (3),9482,False,False,False,False,1,4,0,4,1,0,3,10,8,8,4,0,0,7,0,0,0,0,0,0,0,0,,
出曜經,T 212 (4),9107,False,False,False,False,0,5,7,15,3,1,6,13,8,4,4,0,0,1,0,0,0,0,0,0,0,0,,
出曜經,T 212 (5),9755,False,False,False,False,1,2,3,32,1,2,31,17,3,6,5,0,0,0,0,0,0,0,0,0,0,0,,
出曜經,T 212 (6),9500,False,False,False,False,0,2,11,46,2,0,35,30,27,3,2,0,0,0,0,0,0,0,0,0,0,0,,
出曜經,T 212 (7),9229,False,False,False,False,1,3,4,24,2,2,23,23,15,9,4,0,0,2,0,0,0,0,0,0,0,0,,
出曜經,T 212 (8),8590,False,False,False,False,1,12,1,51,6,1,44,27,13,2,0,0,0,1,0,0,0,0,0,0,0,0,,
出曜經,T 212 (9),8624,False,False,False,False,3,8,1,43,6,1,41,11,7,6,6,0,0,0,0,0,0,0,0,0,0,0,,
出曜經,T 212 (10),9944,False,False,False,False,6,10,3,53,7,1,50,10,10,10,8,0,0,2,0,0,0,0,0,0,0,0,,
出曜經,T 212 (11),10105,False,False,False,False,0,6,3,72,4,2,70,21,16,7,5,0,0,5,0,0,0,0,0,0,0,0,,
出曜經,T 212 (12),10162,False,False,False,False,1,4,3,57,2,2,38,36,31,2,1,0,0,1,0,0,0,0,0,0,0,0,,
出曜經,T 212 (13),9106,False,False,False,False,1,4,0,68,3,0,66,51,39,12,7,0,0,1,0,0,1,0,0,0,0,0,,
出曜經,T 212 (14),8053,False,False,False,False,0,5,6,48,5,6,43,14,10,1,0,0,0,4,0,0,0,0,0,0,0,0,,
出曜經,T 212 (15),8114,False,False,False,False,3,9,5,62,8,2,61,22,22,11,1,0,0,2,0,0,2,0,0,0,0,0,,
出曜經,T 212 (16),7978,False,False,False,False,2,4,7,36,3,5,34,3,2,2,0,0,0,2,0,0,0,0,0,0,0,0,,
出曜經,T 212 (17),9248,False,False,False,False,4,10,7,73,5,1,69,16,17,3,2,0,0,0,0,0,0,0,0,0,0,0,,
出曜經,T 212 (18),7471,False,False,False,False,2,0,3,57,0,1,53,21,14,12,7,0,0,1,0,0,0,0,0,0,0,0,,
出曜經,T 212 (19),7745,False,False,False,False,0,1,3,60,1,2,59,13,12,1,0,0,0,3,0,0,0,0,0,0,0,0,,
出曜經,T 212 (20),9073,False,False,False,False,4,8,1,78,1,1,75,25,21,1,0,0,0,0,0,0,0,0,0,0,0,0,,
出曜經,T 212 (21),9824,False,False,False,False,0,4,12,84,3,6,82,18,9,11,6,0,0,8,0,0,0,0,0,0,0,0,,
出曜經,T 212 (22),9266,False,False,False,False,1,3,3,68,1,1,60,24,16,6,2,0,0,1,0,0,0,0,0,0,0,0,,
出曜經,T 212 (23),9103,False,False,False,False,0,5,2,77,2,0,65,29,18,1,0,0,0,0,0,0,0,0,0,0,0,0,,
出曜經,T 212 (24),8395,False,False,False,False,0,0,4,55,0,0,47,22,18,1,0,0,0,0,0,0,0,0,0,0,0,0,,
出曜經,T 212 (25),9889,False,False,False,False,6,2,2,58,2,2,54,18,14,1,0,0,0,0,0,0,0,0,0,0,0,0,,
出曜經,T 212 (26),8691,False,False,False,False,1,0,2,83,0,2,80,10,4,9,4,0,0,4,0,0,0,0,0,0,0,0,,
出曜經,T 212 (27),9129,False,False,False,False,6,0,2,76,0,2,73,11,11,1,1,0,0,5,0,0,0,0,0,0,0,0,,
出曜經,T 212 (28),9724,False,False,False,False,2,2,4,77,0,1,65,15,7,1,0,0,0,0,0,0,0,0,0,0,0,0,,
出曜經,T 212 (29),9466,False,False,False,False,0,0,1,25,0,1,19,54,22,8,6,0,0,0,0,0,0,0,0,0,0,0,,
出曜經,T 212 (30),8506,False,False,False,False,0,0,0,5,0,0,1,96,72,2,0,0,0,0,0,0,0,0,0,0,0,0,,
菩薩瓔珞經,T 656 (1),15973,False,True,False,False,3,2,3,0,2,0,0,90,80,3,1,0,0,1,0,0,0,0,0,0,0,0,,
菩薩瓔珞經,T 656 (2),24148,False,False,False,False,9,35,19,33,32,1,29,94,81,1,1,0,0,1,0,0,0,0,0,0,0,0,,
菩薩瓔珞經,T 656 (3),21475,False,False,False,False,3,5,2,18,2,0,17,118,105,1,0,0,0,0,0,0,0,0,0,0,0,0,,
菩薩瓔珞經,T 656 (4),15764,False,False,False,False,7,26,29,21,11,1,9,32,29,2,0,0,0,1,0,0,0,0,0,0,0,0,,
菩薩瓔珞經,T 656 (5),16483,False,False,False,False,11,57,1,11,4,1,5,114,111,0,0,0,0,0,0,0,0,0,0,0,0,0,,
菩薩瓔珞經,T 656 (6),21598,False,False,False,False,7,9,2,6,9,1,6,51,39,0,0,0,0,0,0,0,0,0,0,0,0,0,,
菩薩瓔珞經,T 656 (7),16509,False,False,False,False,5,22,2,8,20,1,7,34,20,2,2,0,0,0,0,0,0,0,0,0,0,0,,
菩薩瓔珞經,T 656 (8),15871,False,False,False,False,15,5,3,17,2,2,14,141,139,0,0,0,0,0,0,0,0,0,0,0,0,0,,
菩薩瓔珞經,T 656 (9),14625,False,False,False,False,6,5,1,5,3,1,5,29,26,0,0,0,0,0,0,0,0,0,0,0,0,0,,
菩薩瓔珞經,T 656 (10),14484,False,False,False,False,2,4,2,2,4,0,2,15,15,0,0,0,0,0,0,0,0,0,0,0,0,0,,
菩薩瓔珞經,T 656 (11),14065,False,False,False,False,3,7,1,4,3,1,2,11,1,1,0,0,0,0,0,0,0,0,0,0,0,0,,
菩薩瓔珞經,T 656 (12),11126,False,False,False,False,6,3,1,3,2,0,2,120,122,3,0,0,0,0,0,0,0,0,0,0,0,0,,
菩薩瓔珞經,T 656 (13),16492,False,False,False,False,6,13,2,9,12,0,9,68,57,1,1,0,0,0,0,0,0,0,0,0,0,0,,
菩薩瓔珞經,T 656 (14),20834,False,False,False,False,10,11,5,6,7,2,2,58,45,1,0,0,0,0,0,0,0,0,0,0,0,0,,
十住斷結經,T 309 (1),12026,False,True,False,False,1,2,6,7,1,1,7,31,11,2,1,0,0,0,0,0,0,0,0,0,0,0,,
十住斷結經,T 309 (2),13670,False,False,False,False,0,0,8,2,0,1,2,40,25,1,0,0,0,0,0,0,0,0,0,0,0,0,,
十住斷結經,T 309 (3),14808,False,False,False,False,3,1,5,3,1,2,3,65,36,7,2,0,0,1,0,0,0,0,0,0,0,0,,
十住斷結經,T 309 (4),13767,False,False,False,False,1,2,5,7,2,0,62,47,38,2,0,0,0,0,0,0,0,0,0,0,0,0,,
十住斷結經,T 309 (5),15238,False,False,False,False,3,6,11,13,0,2,12,60,61,4,0,0,0,2,0,0,0,0,0,0,0,0,,
十住斷結經,T 309 (6),13305,False,False,False,False,1,2,9,3,0,4,3,47,39,3,3,0,0,1,0,0,0,0,0,0,0,0,,
十住斷結經,T 309 (7),14695,False,False,False,False,2,3,5,11,2,0,17,42,40,4,1,0,0,2,0,0,0,0,0,0,0,0,,
十住斷結經,T 309 (8),13458,False,False,False,False,1,3,3,14,2,0,14,43,34,3,0,0,0,0,0,0,0,0,0,0,0,0,,
十住斷結經,T 309 (9),14853,False,False,False,False,0,14,11,11,11,1,11,106,76,0,0,0,0,0,0,0,0,0,0,0,0,0,,
十住斷結經,T 309 (10),15396,False,False,False,False,3,30,1,19,24,0,16,67,52,1,1,0,0,0,0,0,0,0,0,0,0,0,,
中陰經,T 385 (1),9547,True,False,False,False,14,15,2,1,11,0,6,22,21,0,0,0,0,0,0,0,0,0,0,0,0,0,,
中陰經,T 385 (2),9502,False,False,False,False,12,4,1,0,4,0,0,8,6,2,0,0,0,0,0,0,0,0,0,0,0,0,,
中阿鋡經,T 26 (1),11119,False,True,True,False,0,7,0,52,7,0,48,114,89,7,0,0,0,1,0,0,0,0,0,0,0,0,,
中阿鋡經,T 26 (2),10954,False,True,True,False,4,35,4,29,15,3,14,25,14,0,0,0,0,2,0,0,0,0,0,0,0,0,,
中阿鋡經,T 26 (3),14254,False,True,True,False,3,18,12,14,13,0,12,88,77,0,0,0,0,7,0,0,0,0,0,0,0,0,,
中阿鋡經,T 26 (4),14608,False,True,True,True,6,30,0,23,26,0,23,39,38,4,4,0,0,13,0,0,0,0,0,0,0,0,,
中阿鋡經,T 26 (5),11555,False,True,True,False,17,7,0,2,5,0,1,14,11,1,0,0,0,11,0,0,0,0,0,0,0,0,,
中阿鋡經,T 26 (6),12708,False,True,True,False,5,24,1,16,16,0,11,6,4,1,0,0,0,5,0,0,0,0,0,0,0,0,,
中阿鋡經,T 26 (7),15532,False,True,True,False,34,21,8,19,17,0,18,240,175,4,0,0,0,1,0,0,0,0,0,0,0,0,,
中阿鋡經,T 26 (8),14306,False,True,True,False,0,22,0,3,12,0,3,66,60,0,0,0,0,6,0,0,0,0,0,0,0,0,,
中阿鋡經,T 26 (9),14286,False,True,True,False,2,5,2,3,3,2,3,33,16,0,0,0,0,3,0,0,0,0,0,0,0,0,,
中阿鋡經,T 26 (10),14160,False,True,True,False,0,2,7,0,2,0,0,164,146,0,0,0,0,3,0,0,0,0,0,0,0,0,,
中阿鋡經,T 26 (11),11311,False,True,True,False,0,25,1,25,10,0,24,37,30,4,2,0,0,0,0,0,0,0,0,0,0,0,,
中阿鋡經,T 26 (12),13112,False,True,True,False,0,22,10,11,17,0,11,3,3,0,0,0,0,15,0,0,0,0,0,0,0,0,,
中阿鋡經,T 26 (13),9799,False,True,True,False,2,12,1,1,2,0,1,3,3,11,0,0,0,19,0,0,0,0,0,0,0,0,,
中阿鋡經,T 26 (14),12416,False,True,True,False,0,10,0,4,6,0,5,21,4,14,0,0,0,0,0,0,0,0,0,0,0,0,,
中阿鋡經,T 26 (15),11429,False,True,True,False,0,5,0,1,4,0,1,10,3,5,0,0,0,1,0,0,0,0,0,0,0,0,,
中阿鋡經,T 26 (16),14202,False,True,True,False,0,33,1,24,11,1,11,4,1,1,0,0,0,4,0,0,0,0,0,0,0,0,,
中阿鋡經,T 26 (17),12126,False,True,True,False,2,15,2,4,14,3,4,6,6,0,0,0,0,10,0,0,0,0,0,0,0,0,,
中阿鋡經,T 26 (18),13829,False,True,True,False,2,13,0,12,12,0,8,30,23,1,0,0,0,6,0,0,0,0,0,0,0,0,,
中阿鋡經,T 26 (19),14108,False,True,True,False,4,17,7,2,15,0,2,14,6,0,0,0,0,14,0,0,0,0,0,0,0,0,,
中阿鋡經,T 26 (20),10683,False,True,True,False,0,7,3,21,7,0,12,41,32,1,0,0,0,6,0,0,0,0,0,0,0,0,,
